REM INSERTING into RDANGE.ALLCARS
SET DEFINE OFF;
Insert into RDANGE.ALLCARS (MAKE,MODEL,YEAR) values ('Mercedes','E 200',2017);
Insert into RDANGE.ALLCARS (MAKE,MODEL,YEAR) values ('Honda','Civic',2009);
Insert into RDANGE.ALLCARS (MAKE,MODEL,YEAR) values ('Toyota','Prius',2007);
Insert into RDANGE.ALLCARS (MAKE,MODEL,YEAR) values ('Nissan','Altima',2001);
Insert into RDANGE.ALLCARS (MAKE,MODEL,YEAR) values ('Nissan','Rogue',2014);
Insert into RDANGE.ALLCARS (MAKE,MODEL,YEAR) values ('Honda','Accord',2009);
Insert into RDANGE.ALLCARS (MAKE,MODEL,YEAR) values ('Toyota','Prius',2013);
Insert into RDANGE.ALLCARS (MAKE,MODEL,YEAR) values ('Honda','Accord',2015);
Insert into RDANGE.ALLCARS (MAKE,MODEL,YEAR) values ('BMW','M3',2016);
Insert into RDANGE.ALLCARS (MAKE,MODEL,YEAR) values ('wejdhw','oijwq',2016);
Insert into RDANGE.ALLCARS (MAKE,MODEL,YEAR) values ('Honda','accord',2018);
REM INSERTING into RDANGE.BASICFAULTS
SET DEFINE OFF;
Insert into RDANGE.BASICFAULTS (BASIC_FID,FAULTS,DIAGNOSTIC,DIAGNOSTIC_FEE) values ('BF001','Engine Knock','Timing issue',75);
Insert into RDANGE.BASICFAULTS (BASIC_FID,FAULTS,DIAGNOSTIC,DIAGNOSTIC_FEE) values ('BF002','Car drifts in a particular direction','Wheel alignment issue',50);
Insert into RDANGE.BASICFAULTS (BASIC_FID,FAULTS,DIAGNOSTIC,DIAGNOSTIC_FEE) values ('BF003','Battery does not hold charge','Battery needs replacement',25);
Insert into RDANGE.BASICFAULTS (BASIC_FID,FAULTS,DIAGNOSTIC,DIAGNOSTIC_FEE) values ('BF004','Black/unclean exhaust','Bad catalytic convertor and filters',75);
Insert into RDANGE.BASICFAULTS (BASIC_FID,FAULTS,DIAGNOSTIC,DIAGNOSTIC_FEE) values ('BF005','A/C-Heater not working','Drive belt damaged, coolant not enough, weak battery',50);
Insert into RDANGE.BASICFAULTS (BASIC_FID,FAULTS,DIAGNOSTIC,DIAGNOSTIC_FEE) values ('BF006','Headlamps/Tail lamps not working','Light assembly damaged',30);
Insert into RDANGE.BASICFAULTS (BASIC_FID,FAULTS,DIAGNOSTIC,DIAGNOSTIC_FEE) values ('BF007','Check engine light','Gearbox and Torque convertor issue',100);
REM INSERTING into RDANGE.BASICTASK
SET DEFINE OFF;
Insert into RDANGE.BASICTASK (BASIC_TASKID,TASK_NAME) values ('BT001','Air filter change');
Insert into RDANGE.BASICTASK (BASIC_TASKID,TASK_NAME) values ('BT002','Battery replacement');
Insert into RDANGE.BASICTASK (BASIC_TASKID,TASK_NAME) values ('BT003','Brake check');
Insert into RDANGE.BASICTASK (BASIC_TASKID,TASK_NAME) values ('BT004','Brake repair');
Insert into RDANGE.BASICTASK (BASIC_TASKID,TASK_NAME) values ('BT005','Camshaft replacement');
Insert into RDANGE.BASICTASK (BASIC_TASKID,TASK_NAME) values ('BT006','Catalytic convertor replacement');
Insert into RDANGE.BASICTASK (BASIC_TASKID,TASK_NAME) values ('BT007','Coolant recycle');
Insert into RDANGE.BASICTASK (BASIC_TASKID,TASK_NAME) values ('BT008','Drive belt replacement');
Insert into RDANGE.BASICTASK (BASIC_TASKID,TASK_NAME) values ('BT009','Engine oil change');
Insert into RDANGE.BASICTASK (BASIC_TASKID,TASK_NAME) values ('BT010','Gearbox repair');
Insert into RDANGE.BASICTASK (BASIC_TASKID,TASK_NAME) values ('BT011','Headlights replacement');
Insert into RDANGE.BASICTASK (BASIC_TASKID,TASK_NAME) values ('BT012','Oil filter change');
Insert into RDANGE.BASICTASK (BASIC_TASKID,TASK_NAME) values ('BT013','Piston replacement');
Insert into RDANGE.BASICTASK (BASIC_TASKID,TASK_NAME) values ('BT014','Power steering check');
Insert into RDANGE.BASICTASK (BASIC_TASKID,TASK_NAME) values ('BT015','Spark plugs replacement');
Insert into RDANGE.BASICTASK (BASIC_TASKID,TASK_NAME) values ('BT016','Suspension check');
Insert into RDANGE.BASICTASK (BASIC_TASKID,TASK_NAME) values ('BT017','Tail light replacement');
Insert into RDANGE.BASICTASK (BASIC_TASKID,TASK_NAME) values ('BT018','Turn lights replacement');
Insert into RDANGE.BASICTASK (BASIC_TASKID,TASK_NAME) values ('BT019','Valve replacement');
Insert into RDANGE.BASICTASK (BASIC_TASKID,TASK_NAME) values ('BT020','Wheel alignment');
Insert into RDANGE.BASICTASK (BASIC_TASKID,TASK_NAME) values ('BT021','Wiper check');
REM INSERTING into RDANGE.CAR
SET DEFINE OFF;
REM INSERTING into RDANGE.CUSTOMER
SET DEFINE OFF;
Insert into RDANGE.CUSTOMER (C_ID,C_EMAIL,C_ADDR,C_TEL_NO,C_NAME,SC_ID) values ('1001','ethanhunt@gmail.com','2516 Avent Ferry Rd','1234567890','Tom Cruise','S0001');
Insert into RDANGE.CUSTOMER (C_ID,C_EMAIL,C_ADDR,C_TEL_NO,C_NAME,SC_ID) values ('1002','jarvis@gmail.com','12-A, High St, Raleigh, NC - 27605 ','9989877791','Robert Downey Jr','S0001');
Insert into RDANGE.CUSTOMER (C_ID,C_EMAIL,C_ADDR,C_TEL_NO,C_NAME,SC_ID) values ('1003','lovestory@gmail.com','2A, 3rd Ave, Charlotte, NC - 28134','8179827199','Taylor Swift','S0002');
Insert into RDANGE.CUSTOMER (C_ID,C_EMAIL,C_ADDR,C_TEL_NO,C_NAME,SC_ID) values ('1004','venus@gmail.com','90, Gorman St, Charlotte, NC - 28201 ','8714791879','Serena Williams','S0002');
Insert into RDANGE.CUSTOMER (C_ID,C_EMAIL,C_ADDR,C_TEL_NO,C_NAME,SC_ID) values ('sgshetty@ncsu.edu','sgshetty@ncsu.edu','ljwhefkhgwv','847293874','Sainag','S0001');
REM INSERTING into RDANGE.DISTRIBUTOR
SET DEFINE OFF;
Insert into RDANGE.DISTRIBUTOR (D_ID,D_NAME,D_ADDR) values ('D0001','D1','N/A');
Insert into RDANGE.DISTRIBUTOR (D_ID,D_NAME,D_ADDR) values ('D0002','D1','N/A');
REM INSERTING into RDANGE.EMPLOYEE
SET DEFINE OFF;
Insert into RDANGE.EMPLOYEE (E_ID,E_NAME,E_EMAIL,SC_ID,E_ADDRESS,E_TEL_NO,E_ROLE,START_DATE,COMPENSATION) values ('950932130.0','Larry Cohen','lacohen@acme.com','S0001','1797 Henry street, Raleigh, NC 27606','3169785494.0','Manager',to_date('15-AUG-16','DD-MON-RR'),11000);
Insert into RDANGE.EMPLOYEE (E_ID,E_NAME,E_EMAIL,SC_ID,E_ADDRESS,E_TEL_NO,E_ROLE,START_DATE,COMPENSATION) values ('634622236.0','Willis Martin','wimartin@acme.com','S0001','465 Aviation way, Raleigh,NC 27601','2139882011.0','Receptionist',to_date('04-DEC-17','DD-MON-RR'),8000);
Insert into RDANGE.EMPLOYEE (E_ID,E_NAME,E_EMAIL,SC_ID,E_ADDRESS,E_TEL_NO,E_ROLE,START_DATE,COMPENSATION) values ('557279280.0','Jacob Gloss','galoss@acme.com','S0001','2014 leverton cove road, Raleigh, NC 27560','4133359523.0','Mechanic',to_date('29-JUL-18','DD-MON-RR'),30);
Insert into RDANGE.EMPLOYEE (E_ID,E_NAME,E_EMAIL,SC_ID,E_ADDRESS,E_TEL_NO,E_ROLE,START_DATE,COMPENSATION) values ('183683346.0','Anthony Freeman','anfreeman@acme.com','S0001','1188 Summit street, Raleigh, NC 27627','5634967912.0','Mechanic',to_date('09-FEB-15','DD-MON-RR'),40);
Insert into RDANGE.EMPLOYEE (E_ID,E_NAME,E_EMAIL,SC_ID,E_ADDRESS,E_TEL_NO,E_ROLE,START_DATE,COMPENSATION) values ('557279281.0','Eric Fowler','erfowler@acme.com','S0001','1114 Fincham Road, Raleigh, NC 27545','5634967912.0','Mechanic',to_date('01-MAY-16','DD-MON-RR'),35);
Insert into RDANGE.EMPLOYEE (E_ID,E_NAME,E_EMAIL,SC_ID,E_ADDRESS,E_TEL_NO,E_ROLE,START_DATE,COMPENSATION) values ('557279282.0','Roland Richmand','rorichmond@acme.com','S0001','1951 Little Acres Lane, Raleigh, NC 27513 ','829843373.0','Mechanic',to_date('28-DEC-17','DD-MON-RR'),30);
Insert into RDANGE.EMPLOYEE (E_ID,E_NAME,E_EMAIL,SC_ID,E_ADDRESS,E_TEL_NO,E_ROLE,START_DATE,COMPENSATION) values ('557279283.0','Peter Fitzpatrick','pefitzpatrick@acme.com','S0001','4738 Buckhannan Avenue, Raleigh, NC 27625 ','3154851152.0','Mechanic',to_date('12-APR-17','DD-MON-RR'),34);
Insert into RDANGE.EMPLOYEE (E_ID,E_NAME,E_EMAIL,SC_ID,E_ADDRESS,E_TEL_NO,E_ROLE,START_DATE,COMPENSATION) values ('291056276.0','Roderick Phillips','rophillips@acme.com','S0002','1133 Burton Avenue, Charlotte, NC 28201 ','111111111','Manager',to_date('15-APR-17','DD-MON-RR'),12000);
Insert into RDANGE.EMPLOYEE (E_ID,E_NAME,E_EMAIL,SC_ID,E_ADDRESS,E_TEL_NO,E_ROLE,START_DATE,COMPENSATION) values ('911639633.0','Dena Holmes','deholmes@acme.com','S0002','1382 Whispering Pines Circle, Charlotte, NC 28205 ','9723533691.0','Receptionist',to_date('04-JAN-10','DD-MON-RR'),9000);
Insert into RDANGE.EMPLOYEE (E_ID,E_NAME,E_EMAIL,SC_ID,E_ADDRESS,E_TEL_NO,E_ROLE,START_DATE,COMPENSATION) values ('590424694.0','Dustin Esparza','duesparza@acme.com','S0002','3510 Hemlock Lane, Charlotte, NC 28202','9564440948.0','Mechanic',to_date('26-JAN-17','DD-MON-RR'),35);
Insert into RDANGE.EMPLOYEE (E_ID,E_NAME,E_EMAIL,SC_ID,E_ADDRESS,E_TEL_NO,E_ROLE,START_DATE,COMPENSATION) values ('401671897.0','Charles Pudilo','chpudilo@acme.com','S0002','196 Park Boulevard, Charlotte, NC 28222 ','6417529403.0','Mechanic',to_date('06-JUL-16','DD-MON-RR'),40);
Insert into RDANGE.EMPLOYEE (E_ID,E_NAME,E_EMAIL,SC_ID,E_ADDRESS,E_TEL_NO,E_ROLE,START_DATE,COMPENSATION) values ('310773348.0','James Rivera','jarivera@acme.com','S0002','908 Alpha Avenue, Charlotte, NC 28130 ','9039671809.0','Mechanic',to_date('29-OCT-13','DD-MON-RR'),40);
Insert into RDANGE.EMPLOYEE (E_ID,E_NAME,E_EMAIL,SC_ID,E_ADDRESS,E_TEL_NO,E_ROLE,START_DATE,COMPENSATION) values ('983204784.0','Willis Morton','wimorton@acme.com','S0002','404 Tenmile, Charlotte, NC 28134 ','7578866330.0','Mechanic',to_date('13-OCT-18','DD-MON-RR'),30);
Insert into RDANGE.EMPLOYEE (E_ID,E_NAME,E_EMAIL,SC_ID,E_ADDRESS,E_TEL_NO,E_ROLE,START_DATE,COMPENSATION) values ('187658163.0','Rickie Henderson','rihenderson@acme.com','S0002','1963 Chenoweth Drive, Charlotte, NC 28228 ','9315391294.0','Mechanic',to_date('29-MAR-17','DD-MON-RR'),30);
Insert into RDANGE.EMPLOYEE (E_ID,E_NAME,E_EMAIL,SC_ID,E_ADDRESS,E_TEL_NO,E_ROLE,START_DATE,COMPENSATION) values ('123','AarohRamesh','aaroh@acme.com','S0001','GHI, JKL, Raleigh, NC 27606','9876543210','Manager',to_date('29-MAR-17','DD-MON-RR'),20000);
Insert into RDANGE.EMPLOYEE (E_ID,E_NAME,E_EMAIL,SC_ID,E_ADDRESS,E_TEL_NO,E_ROLE,START_DATE,COMPENSATION) values ('12345','Aaroh','aarohgala@acme.com','S0001','ABC, DEF, Raleigh, NC 27606','1234567890','Manager',to_date('19-NOV-18','DD-MON-RR'),2000);
Insert into RDANGE.EMPLOYEE (E_ID,E_NAME,E_EMAIL,SC_ID,E_ADDRESS,E_TEL_NO,E_ROLE,START_DATE,COMPENSATION) values ('empnew@gmail.com','empnew','empnew@gmail.com','S0002','empnew kings court','99998888','Receptionist',to_date('01-JAN-18','DD-MON-RR'),20);
Insert into RDANGE.EMPLOYEE (E_ID,E_NAME,E_EMAIL,SC_ID,E_ADDRESS,E_TEL_NO,E_ROLE,START_DATE,COMPENSATION) values ('emp@em.com','emp1','emp@em.com','S0002','emp add','12345','Receptionist',to_date('10-OCT-18','DD-MON-RR'),20);
Insert into RDANGE.EMPLOYEE (E_ID,E_NAME,E_EMAIL,SC_ID,E_ADDRESS,E_TEL_NO,E_ROLE,START_DATE,COMPENSATION) values ('1234567','surabhi','surabhi@gmail.com','S0001','gorman','123456','Mechanic',to_date('19-NOV-18','DD-MON-RR'),20);
Insert into RDANGE.EMPLOYEE (E_ID,E_NAME,E_EMAIL,SC_ID,E_ADDRESS,E_TEL_NO,E_ROLE,START_DATE,COMPENSATION) values ('emp@email','emp1','emp@email','S0002','empadd','111111222','Receptionist',to_date('02-FEB-18','DD-MON-RR'),20);
Insert into RDANGE.EMPLOYEE (E_ID,E_NAME,E_EMAIL,SC_ID,E_ADDRESS,E_TEL_NO,E_ROLE,START_DATE,COMPENSATION) values ('1234@gmail','empnewtest','1234@gmail','S0002','kings court','98765','Receptionist',to_date('10-AUG-19','DD-MON-RR'),21);
REM INSERTING into RDANGE.FAULTS
SET DEFINE OFF;
Insert into RDANGE.FAULTS (F_ID,BASIC_FID,BASIC_TASKID) values ('F001','BF001','BT008');
Insert into RDANGE.FAULTS (F_ID,BASIC_FID,BASIC_TASKID) values ('F002','BF001','BT015');
Insert into RDANGE.FAULTS (F_ID,BASIC_FID,BASIC_TASKID) values ('F003','BF001','BT005');
Insert into RDANGE.FAULTS (F_ID,BASIC_FID,BASIC_TASKID) values ('F004','BF001','BT019');
Insert into RDANGE.FAULTS (F_ID,BASIC_FID,BASIC_TASKID) values ('F005','BF002','BT020');
Insert into RDANGE.FAULTS (F_ID,BASIC_FID,BASIC_TASKID) values ('F006','BF003','BT002');
Insert into RDANGE.FAULTS (F_ID,BASIC_FID,BASIC_TASKID) values ('F007','BF004','BT001');
Insert into RDANGE.FAULTS (F_ID,BASIC_FID,BASIC_TASKID) values ('F008','BF004','BT012');
Insert into RDANGE.FAULTS (F_ID,BASIC_FID,BASIC_TASKID) values ('F009','BF004','BT006');
Insert into RDANGE.FAULTS (F_ID,BASIC_FID,BASIC_TASKID) values ('F010','BF004','BT005');
Insert into RDANGE.FAULTS (F_ID,BASIC_FID,BASIC_TASKID) values ('F011','BF005','BT008');
Insert into RDANGE.FAULTS (F_ID,BASIC_FID,BASIC_TASKID) values ('F012','BF005','BT007');
Insert into RDANGE.FAULTS (F_ID,BASIC_FID,BASIC_TASKID) values ('F013','BF005','BT002');
Insert into RDANGE.FAULTS (F_ID,BASIC_FID,BASIC_TASKID) values ('F014','BF006','BT011');
Insert into RDANGE.FAULTS (F_ID,BASIC_FID,BASIC_TASKID) values ('F015','BF006','BT017');
Insert into RDANGE.FAULTS (F_ID,BASIC_FID,BASIC_TASKID) values ('F016','BF006','BT018');
Insert into RDANGE.FAULTS (F_ID,BASIC_FID,BASIC_TASKID) values ('F017','BF007','BT013');
Insert into RDANGE.FAULTS (F_ID,BASIC_FID,BASIC_TASKID) values ('F018','BF007','BT010');
Insert into RDANGE.FAULTS (F_ID,BASIC_FID,BASIC_TASKID) values ('F019','BF007','BT005');
Insert into RDANGE.FAULTS (F_ID,BASIC_FID,BASIC_TASKID) values ('F020','BF007','BT019');
REM INSERTING into RDANGE.INVENTORY
SET DEFINE OFF;
Insert into RDANGE.INVENTORY (I_ID,SC_ID,P_ID,QUANTITY,THRESHOLD_QUANTITY,MIN_ORDER) values ('I001','S0001','P001',13,2,5);
Insert into RDANGE.INVENTORY (I_ID,SC_ID,P_ID,QUANTITY,THRESHOLD_QUANTITY,MIN_ORDER) values ('I002','S0001','P002',18,5,7);
Insert into RDANGE.INVENTORY (I_ID,SC_ID,P_ID,QUANTITY,THRESHOLD_QUANTITY,MIN_ORDER) values ('I003','S0001','P003',10,2,5);
Insert into RDANGE.INVENTORY (I_ID,SC_ID,P_ID,QUANTITY,THRESHOLD_QUANTITY,MIN_ORDER) values ('I004','S0001','P004',4,4,6);
Insert into RDANGE.INVENTORY (I_ID,SC_ID,P_ID,QUANTITY,THRESHOLD_QUANTITY,MIN_ORDER) values ('I005','S0001','P005',18,4,3);
Insert into RDANGE.INVENTORY (I_ID,SC_ID,P_ID,QUANTITY,THRESHOLD_QUANTITY,MIN_ORDER) values ('I006','S0001','P006',12,2,5);
Insert into RDANGE.INVENTORY (I_ID,SC_ID,P_ID,QUANTITY,THRESHOLD_QUANTITY,MIN_ORDER) values ('I007','S0001','P007',11,1,5);
Insert into RDANGE.INVENTORY (I_ID,SC_ID,P_ID,QUANTITY,THRESHOLD_QUANTITY,MIN_ORDER) values ('I008','S0001','P008',13,2,4);
Insert into RDANGE.INVENTORY (I_ID,SC_ID,P_ID,QUANTITY,THRESHOLD_QUANTITY,MIN_ORDER) values ('I009','S0001','P009',15,3,5);
Insert into RDANGE.INVENTORY (I_ID,SC_ID,P_ID,QUANTITY,THRESHOLD_QUANTITY,MIN_ORDER) values ('I010','S0001','P010',5,5,5);
Insert into RDANGE.INVENTORY (I_ID,SC_ID,P_ID,QUANTITY,THRESHOLD_QUANTITY,MIN_ORDER) values ('I011','S0001','P011',8,3,5);
Insert into RDANGE.INVENTORY (I_ID,SC_ID,P_ID,QUANTITY,THRESHOLD_QUANTITY,MIN_ORDER) values ('I012','S0001','P012',2,1,8);
Insert into RDANGE.INVENTORY (I_ID,SC_ID,P_ID,QUANTITY,THRESHOLD_QUANTITY,MIN_ORDER) values ('I013','S0001','P013',1,1,4);
Insert into RDANGE.INVENTORY (I_ID,SC_ID,P_ID,QUANTITY,THRESHOLD_QUANTITY,MIN_ORDER) values ('I014','S0001','P014',15,4,2);
Insert into RDANGE.INVENTORY (I_ID,SC_ID,P_ID,QUANTITY,THRESHOLD_QUANTITY,MIN_ORDER) values ('I015','S0001','P015',2,1,5);
Insert into RDANGE.INVENTORY (I_ID,SC_ID,P_ID,QUANTITY,THRESHOLD_QUANTITY,MIN_ORDER) values ('I016','S0001','P016',15,4,5);
Insert into RDANGE.INVENTORY (I_ID,SC_ID,P_ID,QUANTITY,THRESHOLD_QUANTITY,MIN_ORDER) values ('I017','S0001','P017',3,1,5);
Insert into RDANGE.INVENTORY (I_ID,SC_ID,P_ID,QUANTITY,THRESHOLD_QUANTITY,MIN_ORDER) values ('I018','S0001','P018',12,7,5);
Insert into RDANGE.INVENTORY (I_ID,SC_ID,P_ID,QUANTITY,THRESHOLD_QUANTITY,MIN_ORDER) values ('I019','S0001','P019',12,5,5);
Insert into RDANGE.INVENTORY (I_ID,SC_ID,P_ID,QUANTITY,THRESHOLD_QUANTITY,MIN_ORDER) values ('I020','S0001','P020',43,20,5);
Insert into RDANGE.INVENTORY (I_ID,SC_ID,P_ID,QUANTITY,THRESHOLD_QUANTITY,MIN_ORDER) values ('I021','S0001','P021',8,5,7);
Insert into RDANGE.INVENTORY (I_ID,SC_ID,P_ID,QUANTITY,THRESHOLD_QUANTITY,MIN_ORDER) values ('I022','S0001','P022',20,20,5);
Insert into RDANGE.INVENTORY (I_ID,SC_ID,P_ID,QUANTITY,THRESHOLD_QUANTITY,MIN_ORDER) values ('I023','S0001','P023',0,4,6);
Insert into RDANGE.INVENTORY (I_ID,SC_ID,P_ID,QUANTITY,THRESHOLD_QUANTITY,MIN_ORDER) values ('I024','S0001','P024',8,4,3);
Insert into RDANGE.INVENTORY (I_ID,SC_ID,P_ID,QUANTITY,THRESHOLD_QUANTITY,MIN_ORDER) values ('I025','S0001','P025',20,20,5);
Insert into RDANGE.INVENTORY (I_ID,SC_ID,P_ID,QUANTITY,THRESHOLD_QUANTITY,MIN_ORDER) values ('I026','S0001','P026',31,10,5);
Insert into RDANGE.INVENTORY (I_ID,SC_ID,P_ID,QUANTITY,THRESHOLD_QUANTITY,MIN_ORDER) values ('I027','S0001','P027',0,23,4);
Insert into RDANGE.INVENTORY (I_ID,SC_ID,P_ID,QUANTITY,THRESHOLD_QUANTITY,MIN_ORDER) values ('I028','S0001','P028',33,30,5);
Insert into RDANGE.INVENTORY (I_ID,SC_ID,P_ID,QUANTITY,THRESHOLD_QUANTITY,MIN_ORDER) values ('I029','S0001','P029',0,5,5);
Insert into RDANGE.INVENTORY (I_ID,SC_ID,P_ID,QUANTITY,THRESHOLD_QUANTITY,MIN_ORDER) values ('I030','S0001','P030',18,3,5);
Insert into RDANGE.INVENTORY (I_ID,SC_ID,P_ID,QUANTITY,THRESHOLD_QUANTITY,MIN_ORDER) values ('I031','S0001','P031',12,10,8);
Insert into RDANGE.INVENTORY (I_ID,SC_ID,P_ID,QUANTITY,THRESHOLD_QUANTITY,MIN_ORDER) values ('I032','S0001','P032',11,4,4);
Insert into RDANGE.INVENTORY (I_ID,SC_ID,P_ID,QUANTITY,THRESHOLD_QUANTITY,MIN_ORDER) values ('I033','S0001','P033',55,48,2);
Insert into RDANGE.INVENTORY (I_ID,SC_ID,P_ID,QUANTITY,THRESHOLD_QUANTITY,MIN_ORDER) values ('I034','S0001','P034',12,7,5);
Insert into RDANGE.INVENTORY (I_ID,SC_ID,P_ID,QUANTITY,THRESHOLD_QUANTITY,MIN_ORDER) values ('I035','S0001','P035',37,42,5);
Insert into RDANGE.INVENTORY (I_ID,SC_ID,P_ID,QUANTITY,THRESHOLD_QUANTITY,MIN_ORDER) values ('I036','S0001','P036',13,11,5);
Insert into RDANGE.INVENTORY (I_ID,SC_ID,P_ID,QUANTITY,THRESHOLD_QUANTITY,MIN_ORDER) values ('I037','S0001','P037',4,7,5);
Insert into RDANGE.INVENTORY (I_ID,SC_ID,P_ID,QUANTITY,THRESHOLD_QUANTITY,MIN_ORDER) values ('I038','S0001','P038',12,5,5);
Insert into RDANGE.INVENTORY (I_ID,SC_ID,P_ID,QUANTITY,THRESHOLD_QUANTITY,MIN_ORDER) values ('I039','S0001','P039',33,20,5);
Insert into RDANGE.INVENTORY (I_ID,SC_ID,P_ID,QUANTITY,THRESHOLD_QUANTITY,MIN_ORDER) values ('I040','S0001','P040',38,5,7);
Insert into RDANGE.INVENTORY (I_ID,SC_ID,P_ID,QUANTITY,THRESHOLD_QUANTITY,MIN_ORDER) values ('I041','S0001','P041',30,20,5);
Insert into RDANGE.INVENTORY (I_ID,SC_ID,P_ID,QUANTITY,THRESHOLD_QUANTITY,MIN_ORDER) values ('I042','S0001','P042',34,4,6);
Insert into RDANGE.INVENTORY (I_ID,SC_ID,P_ID,QUANTITY,THRESHOLD_QUANTITY,MIN_ORDER) values ('I043','S0001','P043',38,4,3);
Insert into RDANGE.INVENTORY (I_ID,SC_ID,P_ID,QUANTITY,THRESHOLD_QUANTITY,MIN_ORDER) values ('I044','S0001','P044',32,20,5);
Insert into RDANGE.INVENTORY (I_ID,SC_ID,P_ID,QUANTITY,THRESHOLD_QUANTITY,MIN_ORDER) values ('I045','S0001','P045',31,10,5);
Insert into RDANGE.INVENTORY (I_ID,SC_ID,P_ID,QUANTITY,THRESHOLD_QUANTITY,MIN_ORDER) values ('I046','S0001','P046',33,23,4);
Insert into RDANGE.INVENTORY (I_ID,SC_ID,P_ID,QUANTITY,THRESHOLD_QUANTITY,MIN_ORDER) values ('I047','S0001','P047',35,30,5);
Insert into RDANGE.INVENTORY (I_ID,SC_ID,P_ID,QUANTITY,THRESHOLD_QUANTITY,MIN_ORDER) values ('I048','S0001','P048',35,5,5);
Insert into RDANGE.INVENTORY (I_ID,SC_ID,P_ID,QUANTITY,THRESHOLD_QUANTITY,MIN_ORDER) values ('I049','S0001','P049',38,3,5);
Insert into RDANGE.INVENTORY (I_ID,SC_ID,P_ID,QUANTITY,THRESHOLD_QUANTITY,MIN_ORDER) values ('I050','S0001','P050',32,10,8);
Insert into RDANGE.INVENTORY (I_ID,SC_ID,P_ID,QUANTITY,THRESHOLD_QUANTITY,MIN_ORDER) values ('I051','S0001','P051',31,4,4);
Insert into RDANGE.INVENTORY (I_ID,SC_ID,P_ID,QUANTITY,THRESHOLD_QUANTITY,MIN_ORDER) values ('I052','S0001','P052',35,18,2);
Insert into RDANGE.INVENTORY (I_ID,SC_ID,P_ID,QUANTITY,THRESHOLD_QUANTITY,MIN_ORDER) values ('I053','S0001','P053',32,7,5);
Insert into RDANGE.INVENTORY (I_ID,SC_ID,P_ID,QUANTITY,THRESHOLD_QUANTITY,MIN_ORDER) values ('I054','S0001','P054',35,12,5);
Insert into RDANGE.INVENTORY (I_ID,SC_ID,P_ID,QUANTITY,THRESHOLD_QUANTITY,MIN_ORDER) values ('I055','S0001','P055',33,11,5);
Insert into RDANGE.INVENTORY (I_ID,SC_ID,P_ID,QUANTITY,THRESHOLD_QUANTITY,MIN_ORDER) values ('I056','S0001','P056',32,7,5);
Insert into RDANGE.INVENTORY (I_ID,SC_ID,P_ID,QUANTITY,THRESHOLD_QUANTITY,MIN_ORDER) values ('I057','S0001','P057',12,5,5);
Insert into RDANGE.INVENTORY (I_ID,SC_ID,P_ID,QUANTITY,THRESHOLD_QUANTITY,MIN_ORDER) values ('I058','S0002','P001',26,5,6);
Insert into RDANGE.INVENTORY (I_ID,SC_ID,P_ID,QUANTITY,THRESHOLD_QUANTITY,MIN_ORDER) values ('I059','S0002','P002',27,6,10);
Insert into RDANGE.INVENTORY (I_ID,SC_ID,P_ID,QUANTITY,THRESHOLD_QUANTITY,MIN_ORDER) values ('I060','S0002','P003',24,2,3);
Insert into RDANGE.INVENTORY (I_ID,SC_ID,P_ID,QUANTITY,THRESHOLD_QUANTITY,MIN_ORDER) values ('I061','S0002','P004',25,3,3);
Insert into RDANGE.INVENTORY (I_ID,SC_ID,P_ID,QUANTITY,THRESHOLD_QUANTITY,MIN_ORDER) values ('I062','S0002','P005',20,3,5);
Insert into RDANGE.INVENTORY (I_ID,SC_ID,P_ID,QUANTITY,THRESHOLD_QUANTITY,MIN_ORDER) values ('I063','S0002','P006',22,2,6);
Insert into RDANGE.INVENTORY (I_ID,SC_ID,P_ID,QUANTITY,THRESHOLD_QUANTITY,MIN_ORDER) values ('I064','S0002','P007',29,4,5);
Insert into RDANGE.INVENTORY (I_ID,SC_ID,P_ID,QUANTITY,THRESHOLD_QUANTITY,MIN_ORDER) values ('I065','S0002','P008',21,2,4);
Insert into RDANGE.INVENTORY (I_ID,SC_ID,P_ID,QUANTITY,THRESHOLD_QUANTITY,MIN_ORDER) values ('I066','S0002','P009',20,3,4);
Insert into RDANGE.INVENTORY (I_ID,SC_ID,P_ID,QUANTITY,THRESHOLD_QUANTITY,MIN_ORDER) values ('I067','S0002','P010',26,20,5);
Insert into RDANGE.INVENTORY (I_ID,SC_ID,P_ID,QUANTITY,THRESHOLD_QUANTITY,MIN_ORDER) values ('I068','S0002','P011',20,7,5);
Insert into RDANGE.INVENTORY (I_ID,SC_ID,P_ID,QUANTITY,THRESHOLD_QUANTITY,MIN_ORDER) values ('I069','S0002','P012',28,6,3);
Insert into RDANGE.INVENTORY (I_ID,SC_ID,P_ID,QUANTITY,THRESHOLD_QUANTITY,MIN_ORDER) values ('I070','S0002','P013',21,4,5);
Insert into RDANGE.INVENTORY (I_ID,SC_ID,P_ID,QUANTITY,THRESHOLD_QUANTITY,MIN_ORDER) values ('I071','S0002','P014',21,3,5);
Insert into RDANGE.INVENTORY (I_ID,SC_ID,P_ID,QUANTITY,THRESHOLD_QUANTITY,MIN_ORDER) values ('I072','S0002','P015',27,6,4);
Insert into RDANGE.INVENTORY (I_ID,SC_ID,P_ID,QUANTITY,THRESHOLD_QUANTITY,MIN_ORDER) values ('I073','S0002','P016',20,2,4);
Insert into RDANGE.INVENTORY (I_ID,SC_ID,P_ID,QUANTITY,THRESHOLD_QUANTITY,MIN_ORDER) values ('I074','S0002','P017',25,6,6);
Insert into RDANGE.INVENTORY (I_ID,SC_ID,P_ID,QUANTITY,THRESHOLD_QUANTITY,MIN_ORDER) values ('I075','S0002','P018',11,3,6);
Insert into RDANGE.INVENTORY (I_ID,SC_ID,P_ID,QUANTITY,THRESHOLD_QUANTITY,MIN_ORDER) values ('I076','S0002','P019',16,13,5);
Insert into RDANGE.INVENTORY (I_ID,SC_ID,P_ID,QUANTITY,THRESHOLD_QUANTITY,MIN_ORDER) values ('I077','S0002','P020',46,35,6);
Insert into RDANGE.INVENTORY (I_ID,SC_ID,P_ID,QUANTITY,THRESHOLD_QUANTITY,MIN_ORDER) values ('I078','S0002','P021',7,6,10);
Insert into RDANGE.INVENTORY (I_ID,SC_ID,P_ID,QUANTITY,THRESHOLD_QUANTITY,MIN_ORDER) values ('I079','S0002','P022',64,52,3);
Insert into RDANGE.INVENTORY (I_ID,SC_ID,P_ID,QUANTITY,THRESHOLD_QUANTITY,MIN_ORDER) values ('I080','S0002','P023',15,3,3);
Insert into RDANGE.INVENTORY (I_ID,SC_ID,P_ID,QUANTITY,THRESHOLD_QUANTITY,MIN_ORDER) values ('I081','S0002','P024',20,3,5);
Insert into RDANGE.INVENTORY (I_ID,SC_ID,P_ID,QUANTITY,THRESHOLD_QUANTITY,MIN_ORDER) values ('I082','S0002','P025',42,42,6);
Insert into RDANGE.INVENTORY (I_ID,SC_ID,P_ID,QUANTITY,THRESHOLD_QUANTITY,MIN_ORDER) values ('I083','S0002','P026',29,24,5);
Insert into RDANGE.INVENTORY (I_ID,SC_ID,P_ID,QUANTITY,THRESHOLD_QUANTITY,MIN_ORDER) values ('I084','S0002','P027',21,12,4);
Insert into RDANGE.INVENTORY (I_ID,SC_ID,P_ID,QUANTITY,THRESHOLD_QUANTITY,MIN_ORDER) values ('I085','S0002','P028',30,23,4);
Insert into RDANGE.INVENTORY (I_ID,SC_ID,P_ID,QUANTITY,THRESHOLD_QUANTITY,MIN_ORDER) values ('I086','S0002','P029',26,10,5);
Insert into RDANGE.INVENTORY (I_ID,SC_ID,P_ID,QUANTITY,THRESHOLD_QUANTITY,MIN_ORDER) values ('I087','S0002','P030',70,7,5);
Insert into RDANGE.INVENTORY (I_ID,SC_ID,P_ID,QUANTITY,THRESHOLD_QUANTITY,MIN_ORDER) values ('I088','S0002','P031',8,6,3);
Insert into RDANGE.INVENTORY (I_ID,SC_ID,P_ID,QUANTITY,THRESHOLD_QUANTITY,MIN_ORDER) values ('I089','S0002','P032',31,24,5);
Insert into RDANGE.INVENTORY (I_ID,SC_ID,P_ID,QUANTITY,THRESHOLD_QUANTITY,MIN_ORDER) values ('I090','S0002','P033',81,73,5);
Insert into RDANGE.INVENTORY (I_ID,SC_ID,P_ID,QUANTITY,THRESHOLD_QUANTITY,MIN_ORDER) values ('I091','S0002','P034',17,6,4);
Insert into RDANGE.INVENTORY (I_ID,SC_ID,P_ID,QUANTITY,THRESHOLD_QUANTITY,MIN_ORDER) values ('I092','S0002','P035',50,32,4);
Insert into RDANGE.INVENTORY (I_ID,SC_ID,P_ID,QUANTITY,THRESHOLD_QUANTITY,MIN_ORDER) values ('I093','S0002','P036',15,6,6);
Insert into RDANGE.INVENTORY (I_ID,SC_ID,P_ID,QUANTITY,THRESHOLD_QUANTITY,MIN_ORDER) values ('I094','S0002','P037',11,3,6);
Insert into RDANGE.INVENTORY (I_ID,SC_ID,P_ID,QUANTITY,THRESHOLD_QUANTITY,MIN_ORDER) values ('I095','S0002','P038',16,13,5);
Insert into RDANGE.INVENTORY (I_ID,SC_ID,P_ID,QUANTITY,THRESHOLD_QUANTITY,MIN_ORDER) values ('I096','S0002','P039',16,5,6);
Insert into RDANGE.INVENTORY (I_ID,SC_ID,P_ID,QUANTITY,THRESHOLD_QUANTITY,MIN_ORDER) values ('I097','S0002','P040',17,6,10);
Insert into RDANGE.INVENTORY (I_ID,SC_ID,P_ID,QUANTITY,THRESHOLD_QUANTITY,MIN_ORDER) values ('I098','S0002','P041',14,5,3);
Insert into RDANGE.INVENTORY (I_ID,SC_ID,P_ID,QUANTITY,THRESHOLD_QUANTITY,MIN_ORDER) values ('I099','S0002','P042',15,3,3);
Insert into RDANGE.INVENTORY (I_ID,SC_ID,P_ID,QUANTITY,THRESHOLD_QUANTITY,MIN_ORDER) values ('I100','S0002','P043',10,3,5);
Insert into RDANGE.INVENTORY (I_ID,SC_ID,P_ID,QUANTITY,THRESHOLD_QUANTITY,MIN_ORDER) values ('I101','S0002','P044',12,4,6);
Insert into RDANGE.INVENTORY (I_ID,SC_ID,P_ID,QUANTITY,THRESHOLD_QUANTITY,MIN_ORDER) values ('I102','S0002','P045',19,4,5);
Insert into RDANGE.INVENTORY (I_ID,SC_ID,P_ID,QUANTITY,THRESHOLD_QUANTITY,MIN_ORDER) values ('I103','S0002','P046',11,2,4);
Insert into RDANGE.INVENTORY (I_ID,SC_ID,P_ID,QUANTITY,THRESHOLD_QUANTITY,MIN_ORDER) values ('I104','S0002','P047',10,3,4);
Insert into RDANGE.INVENTORY (I_ID,SC_ID,P_ID,QUANTITY,THRESHOLD_QUANTITY,MIN_ORDER) values ('I105','S0002','P048',16,10,5);
Insert into RDANGE.INVENTORY (I_ID,SC_ID,P_ID,QUANTITY,THRESHOLD_QUANTITY,MIN_ORDER) values ('I106','S0002','P049',10,7,5);
Insert into RDANGE.INVENTORY (I_ID,SC_ID,P_ID,QUANTITY,THRESHOLD_QUANTITY,MIN_ORDER) values ('I107','S0002','P050',18,6,3);
Insert into RDANGE.INVENTORY (I_ID,SC_ID,P_ID,QUANTITY,THRESHOLD_QUANTITY,MIN_ORDER) values ('I108','S0002','P051',11,4,5);
Insert into RDANGE.INVENTORY (I_ID,SC_ID,P_ID,QUANTITY,THRESHOLD_QUANTITY,MIN_ORDER) values ('I109','S0002','P052',11,7,5);
Insert into RDANGE.INVENTORY (I_ID,SC_ID,P_ID,QUANTITY,THRESHOLD_QUANTITY,MIN_ORDER) values ('I110','S0002','P053',17,6,4);
Insert into RDANGE.INVENTORY (I_ID,SC_ID,P_ID,QUANTITY,THRESHOLD_QUANTITY,MIN_ORDER) values ('I111','S0002','P054',10,2,4);
Insert into RDANGE.INVENTORY (I_ID,SC_ID,P_ID,QUANTITY,THRESHOLD_QUANTITY,MIN_ORDER) values ('I112','S0002','P055',15,6,6);
Insert into RDANGE.INVENTORY (I_ID,SC_ID,P_ID,QUANTITY,THRESHOLD_QUANTITY,MIN_ORDER) values ('I113','S0002','P056',11,3,6);
Insert into RDANGE.INVENTORY (I_ID,SC_ID,P_ID,QUANTITY,THRESHOLD_QUANTITY,MIN_ORDER) values ('I114','S0002','P057',16,13,5);
REM INSERTING into RDANGE.MAINTENANCE
SET DEFINE OFF;
Insert into RDANGE.MAINTENANCE (M_ID,TYPE,BASIC_TASKID,MAKE,MODEL,MILEAGE) values ('M001','A','BT009','Toyota','Corolla',5);
Insert into RDANGE.MAINTENANCE (M_ID,TYPE,BASIC_TASKID,MAKE,MODEL,MILEAGE) values ('M002','A','BT007','Toyota','Corolla',5);
Insert into RDANGE.MAINTENANCE (M_ID,TYPE,BASIC_TASKID,MAKE,MODEL,MILEAGE) values ('M003','B','BT001','Toyota','Corolla',25);
Insert into RDANGE.MAINTENANCE (M_ID,TYPE,BASIC_TASKID,MAKE,MODEL,MILEAGE) values ('M004','B','BT012','Toyota','Corolla',25);
Insert into RDANGE.MAINTENANCE (M_ID,TYPE,BASIC_TASKID,MAKE,MODEL,MILEAGE) values ('M005','B','BT003','Toyota','Corolla',25);
Insert into RDANGE.MAINTENANCE (M_ID,TYPE,BASIC_TASKID,MAKE,MODEL,MILEAGE) values ('M006','B','BT021','Toyota','Corolla',25);
Insert into RDANGE.MAINTENANCE (M_ID,TYPE,BASIC_TASKID,MAKE,MODEL,MILEAGE) values ('M007','B','BT015','Toyota','Corolla',25);
Insert into RDANGE.MAINTENANCE (M_ID,TYPE,BASIC_TASKID,MAKE,MODEL,MILEAGE) values ('M008','C','BT016','Toyota','Corolla',45);
Insert into RDANGE.MAINTENANCE (M_ID,TYPE,BASIC_TASKID,MAKE,MODEL,MILEAGE) values ('M009','C','BT004','Toyota','Corolla',45);
Insert into RDANGE.MAINTENANCE (M_ID,TYPE,BASIC_TASKID,MAKE,MODEL,MILEAGE) values ('M010','C','BT014','Toyota','Corolla',45);
Insert into RDANGE.MAINTENANCE (M_ID,TYPE,BASIC_TASKID,MAKE,MODEL,MILEAGE) values ('M011','A','BT009','Toyota','Prius',10);
Insert into RDANGE.MAINTENANCE (M_ID,TYPE,BASIC_TASKID,MAKE,MODEL,MILEAGE) values ('M012','A','BT012','Toyota','Prius',10);
Insert into RDANGE.MAINTENANCE (M_ID,TYPE,BASIC_TASKID,MAKE,MODEL,MILEAGE) values ('M013','A','BT007','Toyota','Prius',10);
Insert into RDANGE.MAINTENANCE (M_ID,TYPE,BASIC_TASKID,MAKE,MODEL,MILEAGE) values ('M014','B','BT001','Toyota','Prius',28);
Insert into RDANGE.MAINTENANCE (M_ID,TYPE,BASIC_TASKID,MAKE,MODEL,MILEAGE) values ('M015','B','BT003','Toyota','Prius',28);
Insert into RDANGE.MAINTENANCE (M_ID,TYPE,BASIC_TASKID,MAKE,MODEL,MILEAGE) values ('M016','B','BT021','Toyota','Prius',28);
Insert into RDANGE.MAINTENANCE (M_ID,TYPE,BASIC_TASKID,MAKE,MODEL,MILEAGE) values ('M017','B','BT015','Toyota','Prius',28);
Insert into RDANGE.MAINTENANCE (M_ID,TYPE,BASIC_TASKID,MAKE,MODEL,MILEAGE) values ('M018','B','BT002','Toyota','Prius',28);
Insert into RDANGE.MAINTENANCE (M_ID,TYPE,BASIC_TASKID,MAKE,MODEL,MILEAGE) values ('M019','C','BT016','Toyota','Prius',58);
Insert into RDANGE.MAINTENANCE (M_ID,TYPE,BASIC_TASKID,MAKE,MODEL,MILEAGE) values ('M020','C','BT004','Toyota','Prius',58);
Insert into RDANGE.MAINTENANCE (M_ID,TYPE,BASIC_TASKID,MAKE,MODEL,MILEAGE) values ('M021','C','BT014','Toyota','Prius',58);
Insert into RDANGE.MAINTENANCE (M_ID,TYPE,BASIC_TASKID,MAKE,MODEL,MILEAGE) values ('M022','A','BT009','Nissan','Altima',10);
Insert into RDANGE.MAINTENANCE (M_ID,TYPE,BASIC_TASKID,MAKE,MODEL,MILEAGE) values ('M023','A','BT001','Nissan','Altima',10);
Insert into RDANGE.MAINTENANCE (M_ID,TYPE,BASIC_TASKID,MAKE,MODEL,MILEAGE) values ('M024','A','BT012','Nissan','Altima',10);
Insert into RDANGE.MAINTENANCE (M_ID,TYPE,BASIC_TASKID,MAKE,MODEL,MILEAGE) values ('M025','A','BT007','Nissan','Altima',10);
Insert into RDANGE.MAINTENANCE (M_ID,TYPE,BASIC_TASKID,MAKE,MODEL,MILEAGE) values ('M026','B','BT003','Nissan','Altima',25);
Insert into RDANGE.MAINTENANCE (M_ID,TYPE,BASIC_TASKID,MAKE,MODEL,MILEAGE) values ('M027','B','BT021','Nissan','Altima',25);
Insert into RDANGE.MAINTENANCE (M_ID,TYPE,BASIC_TASKID,MAKE,MODEL,MILEAGE) values ('M028','C','BT016','Nissan','Altima',50);
Insert into RDANGE.MAINTENANCE (M_ID,TYPE,BASIC_TASKID,MAKE,MODEL,MILEAGE) values ('M029','C','BT004','Nissan','Altima',50);
Insert into RDANGE.MAINTENANCE (M_ID,TYPE,BASIC_TASKID,MAKE,MODEL,MILEAGE) values ('M030','C','BT014','Nissan','Altima',50);
Insert into RDANGE.MAINTENANCE (M_ID,TYPE,BASIC_TASKID,MAKE,MODEL,MILEAGE) values ('M031','C','BT015','Nissan','Altima',50);
Insert into RDANGE.MAINTENANCE (M_ID,TYPE,BASIC_TASKID,MAKE,MODEL,MILEAGE) values ('M032','A','BT009','Nissan','Rogue',10);
Insert into RDANGE.MAINTENANCE (M_ID,TYPE,BASIC_TASKID,MAKE,MODEL,MILEAGE) values ('M033','A','BT001','Nissan','Rogue',10);
Insert into RDANGE.MAINTENANCE (M_ID,TYPE,BASIC_TASKID,MAKE,MODEL,MILEAGE) values ('M034','A','BT014','Nissan','Rogue',10);
Insert into RDANGE.MAINTENANCE (M_ID,TYPE,BASIC_TASKID,MAKE,MODEL,MILEAGE) values ('M035','A','BT012','Nissan','Rogue',10);
Insert into RDANGE.MAINTENANCE (M_ID,TYPE,BASIC_TASKID,MAKE,MODEL,MILEAGE) values ('M036','A','BT003','Nissan','Rogue',10);
Insert into RDANGE.MAINTENANCE (M_ID,TYPE,BASIC_TASKID,MAKE,MODEL,MILEAGE) values ('M037','A','BT007','Nissan','Rogue',10);
Insert into RDANGE.MAINTENANCE (M_ID,TYPE,BASIC_TASKID,MAKE,MODEL,MILEAGE) values ('M038','B','BT016','Nissan','Rogue',37);
Insert into RDANGE.MAINTENANCE (M_ID,TYPE,BASIC_TASKID,MAKE,MODEL,MILEAGE) values ('M039','B','BT021','Nissan','Rogue',37);
Insert into RDANGE.MAINTENANCE (M_ID,TYPE,BASIC_TASKID,MAKE,MODEL,MILEAGE) values ('M040','B','BT015','Nissan','Rogue',37);
Insert into RDANGE.MAINTENANCE (M_ID,TYPE,BASIC_TASKID,MAKE,MODEL,MILEAGE) values ('M041','C','BT004','Nissan','Rogue',70);
Insert into RDANGE.MAINTENANCE (M_ID,TYPE,BASIC_TASKID,MAKE,MODEL,MILEAGE) values ('M042','C','BT002','Nissan','Rogue',70);
Insert into RDANGE.MAINTENANCE (M_ID,TYPE,BASIC_TASKID,MAKE,MODEL,MILEAGE) values ('M043','A','BT009','Honda','Accord',15);
Insert into RDANGE.MAINTENANCE (M_ID,TYPE,BASIC_TASKID,MAKE,MODEL,MILEAGE) values ('M044','A','BT001','Honda','Accord',15);
Insert into RDANGE.MAINTENANCE (M_ID,TYPE,BASIC_TASKID,MAKE,MODEL,MILEAGE) values ('M045','A','BT012','Honda','Accord',15);
Insert into RDANGE.MAINTENANCE (M_ID,TYPE,BASIC_TASKID,MAKE,MODEL,MILEAGE) values ('M046','A','BT007','Honda','Accord',15);
Insert into RDANGE.MAINTENANCE (M_ID,TYPE,BASIC_TASKID,MAKE,MODEL,MILEAGE) values ('M047','B','BT003','Honda','Accord',37);
Insert into RDANGE.MAINTENANCE (M_ID,TYPE,BASIC_TASKID,MAKE,MODEL,MILEAGE) values ('M048','B','BT021','Honda','Accord',37);
Insert into RDANGE.MAINTENANCE (M_ID,TYPE,BASIC_TASKID,MAKE,MODEL,MILEAGE) values ('M049','B','BT015','Honda','Accord',37);
Insert into RDANGE.MAINTENANCE (M_ID,TYPE,BASIC_TASKID,MAKE,MODEL,MILEAGE) values ('M050','C','BT016','Honda','Accord',67);
Insert into RDANGE.MAINTENANCE (M_ID,TYPE,BASIC_TASKID,MAKE,MODEL,MILEAGE) values ('M051','C','BT004','Honda','Accord',67);
Insert into RDANGE.MAINTENANCE (M_ID,TYPE,BASIC_TASKID,MAKE,MODEL,MILEAGE) values ('M052','C','BT014','Honda','Accord',67);
Insert into RDANGE.MAINTENANCE (M_ID,TYPE,BASIC_TASKID,MAKE,MODEL,MILEAGE) values ('M053','A','BT009','Honda','Civic',14);
Insert into RDANGE.MAINTENANCE (M_ID,TYPE,BASIC_TASKID,MAKE,MODEL,MILEAGE) values ('M054','A','BT003','Honda','Civic',14);
Insert into RDANGE.MAINTENANCE (M_ID,TYPE,BASIC_TASKID,MAKE,MODEL,MILEAGE) values ('M055','A','BT007','Honda','Civic',14);
Insert into RDANGE.MAINTENANCE (M_ID,TYPE,BASIC_TASKID,MAKE,MODEL,MILEAGE) values ('M056','B','BT001','Honda','Civic',29);
Insert into RDANGE.MAINTENANCE (M_ID,TYPE,BASIC_TASKID,MAKE,MODEL,MILEAGE) values ('M057','B','BT012','Honda','Civic',29);
Insert into RDANGE.MAINTENANCE (M_ID,TYPE,BASIC_TASKID,MAKE,MODEL,MILEAGE) values ('M058','B','BT004','Honda','Civic',29);
Insert into RDANGE.MAINTENANCE (M_ID,TYPE,BASIC_TASKID,MAKE,MODEL,MILEAGE) values ('M059','B','BT021','Honda','Civic',29);
Insert into RDANGE.MAINTENANCE (M_ID,TYPE,BASIC_TASKID,MAKE,MODEL,MILEAGE) values ('M060','B','BT015','Honda','Civic',29);
Insert into RDANGE.MAINTENANCE (M_ID,TYPE,BASIC_TASKID,MAKE,MODEL,MILEAGE) values ('M061','C','BT016','Honda','Civic',44);
Insert into RDANGE.MAINTENANCE (M_ID,TYPE,BASIC_TASKID,MAKE,MODEL,MILEAGE) values ('M062','C','BT014','Honda','Civic',44);
REM INSERTING into RDANGE.MECHANIC
SET DEFINE OFF;
Insert into RDANGE.MECHANIC (E_ID,HOURS,WORKD_DATE) values ('557279280.0',10.5,to_date('21-NOV-18','DD-MON-RR'));
Insert into RDANGE.MECHANIC (E_ID,HOURS,WORKD_DATE) values ('557279280.0',3.75,to_date('11-FEB-89','DD-MON-RR'));
Insert into RDANGE.MECHANIC (E_ID,HOURS,WORKD_DATE) values ('557279280.0',3.75,to_date('11-FEB-89','DD-MON-RR'));
Insert into RDANGE.MECHANIC (E_ID,HOURS,WORKD_DATE) values ('557279280.0',3.75,to_date('21-NOV-18','DD-MON-RR'));
Insert into RDANGE.MECHANIC (E_ID,HOURS,WORKD_DATE) values ('183683346.0',6.75,to_date('21-NOV-18','DD-MON-RR'));
Insert into RDANGE.MECHANIC (E_ID,HOURS,WORKD_DATE) values ('183683346.0',6.75,to_date('21-NOV-18','DD-MON-RR'));
Insert into RDANGE.MECHANIC (E_ID,HOURS,WORKD_DATE) values ('557279280.0',3.75,to_date('21-NOV-18','DD-MON-RR'));
Insert into RDANGE.MECHANIC (E_ID,HOURS,WORKD_DATE) values ('557279281.0',3.25,to_date('21-NOV-18','DD-MON-RR'));
Insert into RDANGE.MECHANIC (E_ID,HOURS,WORKD_DATE) values ('557279281.0',3.25,to_date('21-NOV-18','DD-MON-RR'));
REM INSERTING into RDANGE.NOTIFICATION
SET DEFINE OFF;
Insert into RDANGE.NOTIFICATION (N_ID,SC_ID,NOTIF_DATE,MESSAGE,O_ID) values ('N001','S0001',to_date('05-NOV-18','DD-MON-RR'),'5 Camshaft from D0001 delayed by 2 business days','O0011');
Insert into RDANGE.NOTIFICATION (N_ID,SC_ID,NOTIF_DATE,MESSAGE,O_ID) values ('N002','S0002',to_date('11-AUG-17','DD-MON-RR'),'4 Coolant from D0002 delayed by 1 business day','13');
Insert into RDANGE.NOTIFICATION (N_ID,SC_ID,NOTIF_DATE,MESSAGE,O_ID) values ('N003','S0001',to_date('18-JUN-14','DD-MON-RR'),'5 Battery from D0001 delayed by 3 business days','O0003');
REM INSERTING into RDANGE.ORDERS
SET DEFINE OFF;
Insert into RDANGE.ORDERS (ORDER_PLACEMENT_DATE,EXPECTED_DELIVERY_DATE,ACTUAL_DELIVERY_DATE,O_ID,ORIGIN_D_ID,ORIGIN_SC_ID,P_ID,DESTINATION_SC_ID,QUANTITY,O_STATE) values (to_timestamp('09-JUN-14 12.00.00.000000000 AM','DD-MON-RR HH.MI.SSXFF AM'),to_timestamp('13-JUN-14 12.00.00.000000000 AM','DD-MON-RR HH.MI.SSXFF AM'),to_timestamp('18-JUN-14 12.00.00.000000000 AM','DD-MON-RR HH.MI.SSXFF AM'),'O001','D0001',null,'P003','S0001',5,'Complete');
Insert into RDANGE.ORDERS (ORDER_PLACEMENT_DATE,EXPECTED_DELIVERY_DATE,ACTUAL_DELIVERY_DATE,O_ID,ORIGIN_D_ID,ORIGIN_SC_ID,P_ID,DESTINATION_SC_ID,QUANTITY,O_STATE) values (to_timestamp('16-SEP-15 12.00.00.000000000 AM','DD-MON-RR HH.MI.SSXFF AM'),to_timestamp('21-SEP-15 12.00.00.000000000 AM','DD-MON-RR HH.MI.SSXFF AM'),to_timestamp('21-SEP-15 12.00.00.000000000 AM','DD-MON-RR HH.MI.SSXFF AM'),'O002','D0002',null,'P038','S0001',5,'Complete');
Insert into RDANGE.ORDERS (ORDER_PLACEMENT_DATE,EXPECTED_DELIVERY_DATE,ACTUAL_DELIVERY_DATE,O_ID,ORIGIN_D_ID,ORIGIN_SC_ID,P_ID,DESTINATION_SC_ID,QUANTITY,O_STATE) values (to_timestamp('10-FEB-16 12.00.00.000000000 AM','DD-MON-RR HH.MI.SSXFF AM'),to_timestamp('11-FEB-16 12.00.00.000000000 AM','DD-MON-RR HH.MI.SSXFF AM'),to_timestamp('11-FEB-16 12.00.00.000000000 AM','DD-MON-RR HH.MI.SSXFF AM'),'O003',null,'S0001','P030','S0002',5,'Complete');
Insert into RDANGE.ORDERS (ORDER_PLACEMENT_DATE,EXPECTED_DELIVERY_DATE,ACTUAL_DELIVERY_DATE,O_ID,ORIGIN_D_ID,ORIGIN_SC_ID,P_ID,DESTINATION_SC_ID,QUANTITY,O_STATE) values (to_timestamp('09-AUG-17 12.00.00.000000000 AM','DD-MON-RR HH.MI.SSXFF AM'),to_timestamp('10-AUG-17 12.00.00.000000000 AM','DD-MON-RR HH.MI.SSXFF AM'),to_timestamp('11-AUG-17 12.00.00.000000000 AM','DD-MON-RR HH.MI.SSXFF AM'),'O004',null,'S0002','P046','S0001',4,'Complete');
Insert into RDANGE.ORDERS (ORDER_PLACEMENT_DATE,EXPECTED_DELIVERY_DATE,ACTUAL_DELIVERY_DATE,O_ID,ORIGIN_D_ID,ORIGIN_SC_ID,P_ID,DESTINATION_SC_ID,QUANTITY,O_STATE) values (to_timestamp('04-OCT-18 12.00.00.000000000 AM','DD-MON-RR HH.MI.SSXFF AM'),to_timestamp('05-OCT-18 12.00.00.000000000 AM','DD-MON-RR HH.MI.SSXFF AM'),to_timestamp('05-OCT-18 12.00.00.000000000 AM','DD-MON-RR HH.MI.SSXFF AM'),'O005',null,'S0001','P001','S0002',6,'Complete');
Insert into RDANGE.ORDERS (ORDER_PLACEMENT_DATE,EXPECTED_DELIVERY_DATE,ACTUAL_DELIVERY_DATE,O_ID,ORIGIN_D_ID,ORIGIN_SC_ID,P_ID,DESTINATION_SC_ID,QUANTITY,O_STATE) values (to_timestamp('26-OCT-18 12.00.00.000000000 AM','DD-MON-RR HH.MI.SSXFF AM'),to_timestamp('01-NOV-18 12.00.00.000000000 AM','DD-MON-RR HH.MI.SSXFF AM'),to_timestamp('05-NOV-18 12.00.00.000000000 AM','DD-MON-RR HH.MI.SSXFF AM'),'O006','D0001',null,'P057','S0001',5,'Complete');
Insert into RDANGE.ORDERS (ORDER_PLACEMENT_DATE,EXPECTED_DELIVERY_DATE,ACTUAL_DELIVERY_DATE,O_ID,ORIGIN_D_ID,ORIGIN_SC_ID,P_ID,DESTINATION_SC_ID,QUANTITY,O_STATE) values (to_timestamp('09-NOV-18 12.00.00.000000000 AM','DD-MON-RR HH.MI.SSXFF AM'),to_timestamp('14-NOV-18 12.00.00.000000000 AM','DD-MON-RR HH.MI.SSXFF AM'),null,'O007','D0002',null,'P038','S0002',7,'Pending');
Insert into RDANGE.ORDERS (ORDER_PLACEMENT_DATE,EXPECTED_DELIVERY_DATE,ACTUAL_DELIVERY_DATE,O_ID,ORIGIN_D_ID,ORIGIN_SC_ID,P_ID,DESTINATION_SC_ID,QUANTITY,O_STATE) values (to_timestamp('07-NOV-18 12.00.00.000000000 AM','DD-MON-RR HH.MI.SSXFF AM'),to_timestamp('14-NOV-18 12.00.00.000000000 AM','DD-MON-RR HH.MI.SSXFF AM'),null,'O008','D0001',null,'P021','S0002',12,'Pending');
Insert into RDANGE.ORDERS (ORDER_PLACEMENT_DATE,EXPECTED_DELIVERY_DATE,ACTUAL_DELIVERY_DATE,O_ID,ORIGIN_D_ID,ORIGIN_SC_ID,P_ID,DESTINATION_SC_ID,QUANTITY,O_STATE) values (to_timestamp('08-NOV-18 12.00.00.000000000 AM','DD-MON-RR HH.MI.SSXFF AM'),to_timestamp('14-NOV-18 12.00.00.000000000 AM','DD-MON-RR HH.MI.SSXFF AM'),null,'O009','D0001',null,'P025','S0002',6,'Pending');
Insert into RDANGE.ORDERS (ORDER_PLACEMENT_DATE,EXPECTED_DELIVERY_DATE,ACTUAL_DELIVERY_DATE,O_ID,ORIGIN_D_ID,ORIGIN_SC_ID,P_ID,DESTINATION_SC_ID,QUANTITY,O_STATE) values (to_timestamp('08-NOV-18 12.00.00.000000000 AM','DD-MON-RR HH.MI.SSXFF AM'),to_timestamp('14-NOV-18 12.00.00.000000000 AM','DD-MON-RR HH.MI.SSXFF AM'),null,'O010','D0001',null,'P032','S0002',5,'Pending');
Insert into RDANGE.ORDERS (ORDER_PLACEMENT_DATE,EXPECTED_DELIVERY_DATE,ACTUAL_DELIVERY_DATE,O_ID,ORIGIN_D_ID,ORIGIN_SC_ID,P_ID,DESTINATION_SC_ID,QUANTITY,O_STATE) values (to_timestamp('08-NOV-18 12.00.00.000000000 AM','DD-MON-RR HH.MI.SSXFF AM'),to_timestamp('14-NOV-18 12.00.00.000000000 AM','DD-MON-RR HH.MI.SSXFF AM'),null,'O011','D0002',null,'P023','S0002',5,'Pending');
Insert into RDANGE.ORDERS (ORDER_PLACEMENT_DATE,EXPECTED_DELIVERY_DATE,ACTUAL_DELIVERY_DATE,O_ID,ORIGIN_D_ID,ORIGIN_SC_ID,P_ID,DESTINATION_SC_ID,QUANTITY,O_STATE) values (to_timestamp('20-NOV-18 12.00.00.000000000 AM','DD-MON-RR HH.MI.SSXFF AM'),to_timestamp('19-NOV-18 06.54.47.000000000 AM','DD-MON-RR HH.MI.SSXFF AM'),null,'13','D0002',null,'P004','S0002',8,'PENDING');
Insert into RDANGE.ORDERS (ORDER_PLACEMENT_DATE,EXPECTED_DELIVERY_DATE,ACTUAL_DELIVERY_DATE,O_ID,ORIGIN_D_ID,ORIGIN_SC_ID,P_ID,DESTINATION_SC_ID,QUANTITY,O_STATE) values (to_timestamp('20-NOV-18 12.00.00.000000000 AM','DD-MON-RR HH.MI.SSXFF AM'),to_timestamp('24-NOV-18 06.55.16.000000000 AM','DD-MON-RR HH.MI.SSXFF AM'),null,'14','D0001',null,'P003','S0002',9,'PENDING');
Insert into RDANGE.ORDERS (ORDER_PLACEMENT_DATE,EXPECTED_DELIVERY_DATE,ACTUAL_DELIVERY_DATE,O_ID,ORIGIN_D_ID,ORIGIN_SC_ID,P_ID,DESTINATION_SC_ID,QUANTITY,O_STATE) values (to_timestamp('20-NOV-18 12.00.00.000000000 AM','DD-MON-RR HH.MI.SSXFF AM'),to_timestamp('25-NOV-18 06.56.00.000000000 AM','DD-MON-RR HH.MI.SSXFF AM'),null,'15','D0002',null,'P005','S0002',4,'PENDING');
REM INSERTING into RDANGE.PARTS
SET DEFINE OFF;
Insert into RDANGE.PARTS (P_ID,P_NAME,UNIT_PRICE,WARRANTY_MONTHS,MAKE,D1,D2) values ('P057','Wiper Fluid','31.0',null,'Nissan',null,3);
Insert into RDANGE.PARTS (P_ID,P_NAME,UNIT_PRICE,WARRANTY_MONTHS,MAKE,D1,D2) values ('P001','Air Filter','11.0',null,'Toyota',null,3);
Insert into RDANGE.PARTS (P_ID,P_NAME,UNIT_PRICE,WARRANTY_MONTHS,MAKE,D1,D2) values ('P002','Axel Road','123.0',2,'Toyota',5,null);
Insert into RDANGE.PARTS (P_ID,P_NAME,UNIT_PRICE,WARRANTY_MONTHS,MAKE,D1,D2) values ('P003','Battery','63.0',6,'Toyota',4,null);
Insert into RDANGE.PARTS (P_ID,P_NAME,UNIT_PRICE,WARRANTY_MONTHS,MAKE,D1,D2) values ('P004','Brake Fluid','24.0',null,'Toyota',null,4);
Insert into RDANGE.PARTS (P_ID,P_NAME,UNIT_PRICE,WARRANTY_MONTHS,MAKE,D1,D2) values ('P005','Brake Shoes','62.0',2,'Toyota',null,5);
Insert into RDANGE.PARTS (P_ID,P_NAME,UNIT_PRICE,WARRANTY_MONTHS,MAKE,D1,D2) values ('P006','Camshaft','1428.0',3,'Toyota',4,null);
Insert into RDANGE.PARTS (P_ID,P_NAME,UNIT_PRICE,WARRANTY_MONTHS,MAKE,D1,D2) values ('P007','Catalytic converter','801.0',1,'Toyota',null,3);
Insert into RDANGE.PARTS (P_ID,P_NAME,UNIT_PRICE,WARRANTY_MONTHS,MAKE,D1,D2) values ('P008','Coolant','63.0',null,'Toyota',null,4);
Insert into RDANGE.PARTS (P_ID,P_NAME,UNIT_PRICE,WARRANTY_MONTHS,MAKE,D1,D2) values ('P009','Drive belt','528.0',1,'Toyota',null,2);
Insert into RDANGE.PARTS (P_ID,P_NAME,UNIT_PRICE,WARRANTY_MONTHS,MAKE,D1,D2) values ('P010','Enginer oil','63.0',null,'Toyota',2,2);
Insert into RDANGE.PARTS (P_ID,P_NAME,UNIT_PRICE,WARRANTY_MONTHS,MAKE,D1,D2) values ('P011','Gears','523.0',1,'Toyota',5,null);
Insert into RDANGE.PARTS (P_ID,P_NAME,UNIT_PRICE,WARRANTY_MONTHS,MAKE,D1,D2) values ('P012','Light assembly','617.0',2,'Toyota',3,null);
Insert into RDANGE.PARTS (P_ID,P_NAME,UNIT_PRICE,WARRANTY_MONTHS,MAKE,D1,D2) values ('P013','Oil Filter','36.0',null,'Toyota',4,null);
Insert into RDANGE.PARTS (P_ID,P_NAME,UNIT_PRICE,WARRANTY_MONTHS,MAKE,D1,D2) values ('P014','Piston','1256.0',1,'Toyota',2,null);
Insert into RDANGE.PARTS (P_ID,P_NAME,UNIT_PRICE,WARRANTY_MONTHS,MAKE,D1,D2) values ('P015','Power Steering Fluid','17.0',null,'Toyota',5,null);
Insert into RDANGE.PARTS (P_ID,P_NAME,UNIT_PRICE,WARRANTY_MONTHS,MAKE,D1,D2) values ('P016','Spark plug','64.0',2,'Toyota',null,5);
Insert into RDANGE.PARTS (P_ID,P_NAME,UNIT_PRICE,WARRANTY_MONTHS,MAKE,D1,D2) values ('P017','Suspension fluid','70.0',null,'Toyota',null,3);
Insert into RDANGE.PARTS (P_ID,P_NAME,UNIT_PRICE,WARRANTY_MONTHS,MAKE,D1,D2) values ('P018','Valve','1338.0',1,'Toyota',3,null);
Insert into RDANGE.PARTS (P_ID,P_NAME,UNIT_PRICE,WARRANTY_MONTHS,MAKE,D1,D2) values ('P019','Wiper Fluid','28.0',null,'Toyota',null,3);
Insert into RDANGE.PARTS (P_ID,P_NAME,UNIT_PRICE,WARRANTY_MONTHS,MAKE,D1,D2) values ('P020','Air Filter','59.0',null,'Honda',null,3);
Insert into RDANGE.PARTS (P_ID,P_NAME,UNIT_PRICE,WARRANTY_MONTHS,MAKE,D1,D2) values ('P021','Axel Road','141.0',2,'Honda',5,null);
Insert into RDANGE.PARTS (P_ID,P_NAME,UNIT_PRICE,WARRANTY_MONTHS,MAKE,D1,D2) values ('P022','Battery','79.0',3,'Honda',4,null);
Insert into RDANGE.PARTS (P_ID,P_NAME,UNIT_PRICE,WARRANTY_MONTHS,MAKE,D1,D2) values ('P023','Brake Fluid','75.0',null,'Honda',null,4);
Insert into RDANGE.PARTS (P_ID,P_NAME,UNIT_PRICE,WARRANTY_MONTHS,MAKE,D1,D2) values ('P024','Brake Shoes','41.0',3,'Honda',null,5);
Insert into RDANGE.PARTS (P_ID,P_NAME,UNIT_PRICE,WARRANTY_MONTHS,MAKE,D1,D2) values ('P025','Camshaft','511.0',2,'Honda',4,null);
Insert into RDANGE.PARTS (P_ID,P_NAME,UNIT_PRICE,WARRANTY_MONTHS,MAKE,D1,D2) values ('P026','Catalytic converter','716.0',2,'Honda',null,3);
Insert into RDANGE.PARTS (P_ID,P_NAME,UNIT_PRICE,WARRANTY_MONTHS,MAKE,D1,D2) values ('P027','Coolant','10.0',null,'Honda',null,4);
Insert into RDANGE.PARTS (P_ID,P_NAME,UNIT_PRICE,WARRANTY_MONTHS,MAKE,D1,D2) values ('P028','Drive belt','1443.0',1,'Honda',null,2);
Insert into RDANGE.PARTS (P_ID,P_NAME,UNIT_PRICE,WARRANTY_MONTHS,MAKE,D1,D2) values ('P029','Enginer oil','27.0',null,'Honda',2,2);
Insert into RDANGE.PARTS (P_ID,P_NAME,UNIT_PRICE,WARRANTY_MONTHS,MAKE,D1,D2) values ('P030','Gears','1344.0',3,'Honda',5,null);
Insert into RDANGE.PARTS (P_ID,P_NAME,UNIT_PRICE,WARRANTY_MONTHS,MAKE,D1,D2) values ('P031','Light assembly','1342.0',2,'Honda',3,null);
Insert into RDANGE.PARTS (P_ID,P_NAME,UNIT_PRICE,WARRANTY_MONTHS,MAKE,D1,D2) values ('P032','Oil Filter','42.0',null,'Honda',4,null);
Insert into RDANGE.PARTS (P_ID,P_NAME,UNIT_PRICE,WARRANTY_MONTHS,MAKE,D1,D2) values ('P033','Piston','1145.0',1,'Honda',2,null);
Insert into RDANGE.PARTS (P_ID,P_NAME,UNIT_PRICE,WARRANTY_MONTHS,MAKE,D1,D2) values ('P034','Power Steering Fluid','24.0',null,'Honda',5,null);
Insert into RDANGE.PARTS (P_ID,P_NAME,UNIT_PRICE,WARRANTY_MONTHS,MAKE,D1,D2) values ('P035','Spark plug','50.0',2,'Honda',null,5);
Insert into RDANGE.PARTS (P_ID,P_NAME,UNIT_PRICE,WARRANTY_MONTHS,MAKE,D1,D2) values ('P036','Suspension fluid','77.0',null,'Honda',null,3);
Insert into RDANGE.PARTS (P_ID,P_NAME,UNIT_PRICE,WARRANTY_MONTHS,MAKE,D1,D2) values ('P037','Valve','1261.0',2,'Honda',3,null);
Insert into RDANGE.PARTS (P_ID,P_NAME,UNIT_PRICE,WARRANTY_MONTHS,MAKE,D1,D2) values ('P038','Wiper Fluid','56.0',null,'Honda',null,3);
Insert into RDANGE.PARTS (P_ID,P_NAME,UNIT_PRICE,WARRANTY_MONTHS,MAKE,D1,D2) values ('P039','Air Filter','61.0',null,'Nissan',5,null);
Insert into RDANGE.PARTS (P_ID,P_NAME,UNIT_PRICE,WARRANTY_MONTHS,MAKE,D1,D2) values ('P040','Axel Road','241.0',3,'Nissan',4,null);
Insert into RDANGE.PARTS (P_ID,P_NAME,UNIT_PRICE,WARRANTY_MONTHS,MAKE,D1,D2) values ('P041','Battery','14.0',3,'Nissan',null,4);
Insert into RDANGE.PARTS (P_ID,P_NAME,UNIT_PRICE,WARRANTY_MONTHS,MAKE,D1,D2) values ('P042','Brake Fluid','16.0',null,'Nissan',null,5);
Insert into RDANGE.PARTS (P_ID,P_NAME,UNIT_PRICE,WARRANTY_MONTHS,MAKE,D1,D2) values ('P043','Brake Shoes','47.0',1,'Nissan',4,null);
Insert into RDANGE.PARTS (P_ID,P_NAME,UNIT_PRICE,WARRANTY_MONTHS,MAKE,D1,D2) values ('P044','Camshaft','1295.0',2,'Nissan',null,3);
Insert into RDANGE.PARTS (P_ID,P_NAME,UNIT_PRICE,WARRANTY_MONTHS,MAKE,D1,D2) values ('P045','Catalytic converter','589.0',1,'Nissan',null,4);
Insert into RDANGE.PARTS (P_ID,P_NAME,UNIT_PRICE,WARRANTY_MONTHS,MAKE,D1,D2) values ('P046','Coolant','39.0',null,'Nissan',null,2);
Insert into RDANGE.PARTS (P_ID,P_NAME,UNIT_PRICE,WARRANTY_MONTHS,MAKE,D1,D2) values ('P047','Drive belt','1084.0',3,'Nissan',2,2);
Insert into RDANGE.PARTS (P_ID,P_NAME,UNIT_PRICE,WARRANTY_MONTHS,MAKE,D1,D2) values ('P048','Enginer oil','14.0',null,'Nissan',5,null);
Insert into RDANGE.PARTS (P_ID,P_NAME,UNIT_PRICE,WARRANTY_MONTHS,MAKE,D1,D2) values ('P049','Gears','1176.0',3,'Nissan',3,null);
Insert into RDANGE.PARTS (P_ID,P_NAME,UNIT_PRICE,WARRANTY_MONTHS,MAKE,D1,D2) values ('P050','Light assembly','1367.0',2,'Nissan',4,null);
Insert into RDANGE.PARTS (P_ID,P_NAME,UNIT_PRICE,WARRANTY_MONTHS,MAKE,D1,D2) values ('P051','Oil Filter','61.0',null,'Nissan',2,null);
Insert into RDANGE.PARTS (P_ID,P_NAME,UNIT_PRICE,WARRANTY_MONTHS,MAKE,D1,D2) values ('P052','Piston','1341.0',3,'Nissan',5,null);
Insert into RDANGE.PARTS (P_ID,P_NAME,UNIT_PRICE,WARRANTY_MONTHS,MAKE,D1,D2) values ('P053','Power Steering Fluid','20.0',null,'Nissan',null,5);
Insert into RDANGE.PARTS (P_ID,P_NAME,UNIT_PRICE,WARRANTY_MONTHS,MAKE,D1,D2) values ('P054','Spark plug','11.0',1,'Nissan',null,3);
Insert into RDANGE.PARTS (P_ID,P_NAME,UNIT_PRICE,WARRANTY_MONTHS,MAKE,D1,D2) values ('P055','Suspension fluid','32.0',null,'Nissan',3,null);
Insert into RDANGE.PARTS (P_ID,P_NAME,UNIT_PRICE,WARRANTY_MONTHS,MAKE,D1,D2) values ('P056','Valve','1013.0',1,'Nissan',null,3);
REM INSERTING into RDANGE.PAYROLL
SET DEFINE OFF;
Insert into RDANGE.PAYROLL (E_ID,E_ROLE,START_DATE,EARNINGSYTD,PREVEARNINGS,PR_ID,LASTPAYCHECK,UNITS) values ('950932130.0','Manager',to_date('15-AUG-16','DD-MON-RR'),121000,5500,1,to_date('16-NOV-18','DD-MON-RR'),null);
Insert into RDANGE.PAYROLL (E_ID,E_ROLE,START_DATE,EARNINGSYTD,PREVEARNINGS,PR_ID,LASTPAYCHECK,UNITS) values ('634622236.0','Receptionist',to_date('04-DEC-17','DD-MON-RR'),88000,4000,2,to_date('16-NOV-18','DD-MON-RR'),null);
Insert into RDANGE.PAYROLL (E_ID,E_ROLE,START_DATE,EARNINGSYTD,PREVEARNINGS,PR_ID,LASTPAYCHECK,UNITS) values ('557279280.0','Mechanic',to_date('29-JUL-18','DD-MON-RR'),82.5,82.5,3,to_date('16-SEP-18','DD-MON-RR'),2.75);
Insert into RDANGE.PAYROLL (E_ID,E_ROLE,START_DATE,EARNINGSYTD,PREVEARNINGS,PR_ID,LASTPAYCHECK,UNITS) values ('183683346.0','Mechanic',to_date('09-FEB-15','DD-MON-RR'),30,30,4,to_date('16-OCT-18','DD-MON-RR'),0.75);
Insert into RDANGE.PAYROLL (E_ID,E_ROLE,START_DATE,EARNINGSYTD,PREVEARNINGS,PR_ID,LASTPAYCHECK,UNITS) values ('557279281.0','Mechanic',to_date('01-MAY-16','DD-MON-RR'),113.75,78.5,5,to_date('01-MAR-18','DD-MON-RR'),2.25);
Insert into RDANGE.PAYROLL (E_ID,E_ROLE,START_DATE,EARNINGSYTD,PREVEARNINGS,PR_ID,LASTPAYCHECK,UNITS) values ('557279282.0','Mechanic',to_date('28-DEC-17','DD-MON-RR'),7.5,7.5,6,to_date('16-AUG-18','DD-MON-RR'),0.25);
Insert into RDANGE.PAYROLL (E_ID,E_ROLE,START_DATE,EARNINGSYTD,PREVEARNINGS,PR_ID,LASTPAYCHECK,UNITS) values ('557279283.0','Mechanic',to_date('12-APR-17','DD-MON-RR'),93.5,68,7,to_date('16-MAY-18','DD-MON-RR'),null);
Insert into RDANGE.PAYROLL (E_ID,E_ROLE,START_DATE,EARNINGSYTD,PREVEARNINGS,PR_ID,LASTPAYCHECK,UNITS) values ('291056276.0','Manager',to_date('15-APR-17','DD-MON-RR'),132000,6000,8,to_date('16-NOV-18','DD-MON-RR'),null);
Insert into RDANGE.PAYROLL (E_ID,E_ROLE,START_DATE,EARNINGSYTD,PREVEARNINGS,PR_ID,LASTPAYCHECK,UNITS) values ('911639633.0','Receptionist',to_date('04-JAN-10','DD-MON-RR'),99000,4500,9,to_date('16-NOV-18','DD-MON-RR'),null);
Insert into RDANGE.PAYROLL (E_ID,E_ROLE,START_DATE,EARNINGSYTD,PREVEARNINGS,PR_ID,LASTPAYCHECK,UNITS) values ('590424694.0','Mechanic',to_date('26-JAN-17','DD-MON-RR'),0,null,10,null,null);
Insert into RDANGE.PAYROLL (E_ID,E_ROLE,START_DATE,EARNINGSYTD,PREVEARNINGS,PR_ID,LASTPAYCHECK,UNITS) values ('401671897.0','Mechanic',to_date('06-JUL-16','DD-MON-RR'),0,null,11,null,null);
Insert into RDANGE.PAYROLL (E_ID,E_ROLE,START_DATE,EARNINGSYTD,PREVEARNINGS,PR_ID,LASTPAYCHECK,UNITS) values ('310773348.0','Mechanic',to_date('29-OCT-13','DD-MON-RR'),0,null,12,null,null);
Insert into RDANGE.PAYROLL (E_ID,E_ROLE,START_DATE,EARNINGSYTD,PREVEARNINGS,PR_ID,LASTPAYCHECK,UNITS) values ('983204784.0','Mechanic',to_date('13-OCT-18','DD-MON-RR'),0,null,13,null,null);
Insert into RDANGE.PAYROLL (E_ID,E_ROLE,START_DATE,EARNINGSYTD,PREVEARNINGS,PR_ID,LASTPAYCHECK,UNITS) values ('187658163.0','Mechanic',to_date('29-MAR-17','DD-MON-RR'),45,45,14,to_date('16-FEB-18','DD-MON-RR'),1.5);
REM INSERTING into RDANGE.PERSON
SET DEFINE OFF;
Insert into RDANGE.PERSON (USERID,EMAILID,PASSWORD,ROLE) values ('950932130.0','lacohen@acme.com','12345678','Manager');
Insert into RDANGE.PERSON (USERID,EMAILID,PASSWORD,ROLE) values ('634622236.0','wimartin@acme.com','12345678','Receptionist');
Insert into RDANGE.PERSON (USERID,EMAILID,PASSWORD,ROLE) values ('557279280.0','galoss@acme.com','12345678','Mechanic');
Insert into RDANGE.PERSON (USERID,EMAILID,PASSWORD,ROLE) values ('183683346.0','anfreeman@acme.com','12345678','Mechanic');
Insert into RDANGE.PERSON (USERID,EMAILID,PASSWORD,ROLE) values ('557279281.0','erfowler@acme.com','12345678','Mechanic');
Insert into RDANGE.PERSON (USERID,EMAILID,PASSWORD,ROLE) values ('557279282.0','rorichmond@acme.com','12345678','Mechanic');
Insert into RDANGE.PERSON (USERID,EMAILID,PASSWORD,ROLE) values ('557279283.0','pefitzpatrick@acme.com','12345678','Mechanic');
Insert into RDANGE.PERSON (USERID,EMAILID,PASSWORD,ROLE) values ('291056276.0','rophillips@acme.com','12345678','Manager');
Insert into RDANGE.PERSON (USERID,EMAILID,PASSWORD,ROLE) values ('911639633.0','deholmes@acme.com','12345678','Receptionist');
Insert into RDANGE.PERSON (USERID,EMAILID,PASSWORD,ROLE) values ('590424694.0','duesparza@acme.com','12345678','Mechanic');
Insert into RDANGE.PERSON (USERID,EMAILID,PASSWORD,ROLE) values ('401671897.0','chpudilo@acme.com','12345678','Mechanic');
Insert into RDANGE.PERSON (USERID,EMAILID,PASSWORD,ROLE) values ('310773348.0','jarivera@acme.com','12345678','Mechanic');
Insert into RDANGE.PERSON (USERID,EMAILID,PASSWORD,ROLE) values ('983204784.0','wimorton@acme.com','12345678','Mechanic');
Insert into RDANGE.PERSON (USERID,EMAILID,PASSWORD,ROLE) values ('187658163.0','rihenderson@acme.com','12345678','Mechanic');
Insert into RDANGE.PERSON (USERID,EMAILID,PASSWORD,ROLE) values ('1001','ethanhunt@gmail.com','12345678','Customer');
Insert into RDANGE.PERSON (USERID,EMAILID,PASSWORD,ROLE) values ('1002','jarvis@gmail.com','12345678','Customer');
Insert into RDANGE.PERSON (USERID,EMAILID,PASSWORD,ROLE) values ('1003','lovestory@gmail.com','12345678','Customer');
Insert into RDANGE.PERSON (USERID,EMAILID,PASSWORD,ROLE) values ('1004','venus@gmail.com','12345678','Customer');
Insert into RDANGE.PERSON (USERID,EMAILID,PASSWORD,ROLE) values ('empnew@gmail.com','empnew@gmail.com','12345678','Receptionist');
Insert into RDANGE.PERSON (USERID,EMAILID,PASSWORD,ROLE) values ('emp@em.com','emp@em.com','12345678','Receptionist');
Insert into RDANGE.PERSON (USERID,EMAILID,PASSWORD,ROLE) values ('emp@email','emp@email','12345678','Receptionist');
Insert into RDANGE.PERSON (USERID,EMAILID,PASSWORD,ROLE) values ('sgshetty@ncsu.edu','sgshetty@ncsu.edu','12345678','Customer');
Insert into RDANGE.PERSON (USERID,EMAILID,PASSWORD,ROLE) values ('1234@gmail','1234@gmail','12345678','Receptionist');
REM INSERTING into RDANGE.SERVICE
SET DEFINE OFF;
Insert into RDANGE.SERVICE (SER_ID,E_ID,C_ID,SC_ID,LICENSE_NO,END_TIME,BASIC_FID,MAINTENANCE_TYPE,START_DATE,LABORTIME,TOTALCOST) values ('SR001','557279280.0','1001','S0001','XYZ-5643',null,null,'C',to_timestamp('10-SEP-18 10.00.00.000000000 AM','DD-MON-RR HH.MI.SSXFF AM'),2.75,871.5);
Insert into RDANGE.SERVICE (SER_ID,E_ID,C_ID,SC_ID,LICENSE_NO,END_TIME,BASIC_FID,MAINTENANCE_TYPE,START_DATE,LABORTIME,TOTALCOST) values ('SR002','557279281.0','1001','S0001','XYZ-5643',null,null,'B',to_timestamp('25-FEB-18 09.00.00.000000000 AM','DD-MON-RR HH.MI.SSXFF AM'),2.25,745.5);
Insert into RDANGE.SERVICE (SER_ID,E_ID,C_ID,SC_ID,LICENSE_NO,END_TIME,BASIC_FID,MAINTENANCE_TYPE,START_DATE,LABORTIME,TOTALCOST) values ('SR003','183683346.0','1001','S0001','XYZ-5643',null,null,'A',to_timestamp('15-OCT-18 08.00.00.000000000 AM','DD-MON-RR HH.MI.SSXFF AM'),0.75,149.5);
Insert into RDANGE.SERVICE (SER_ID,E_ID,C_ID,SC_ID,LICENSE_NO,END_TIME,BASIC_FID,MAINTENANCE_TYPE,START_DATE,LABORTIME,TOTALCOST) values ('SR004','557279282.0','1001','S0001','AHS-3132',null,'BF003',null,to_timestamp('06-AUG-18 08.00.00.000000000 AM','DD-MON-RR HH.MI.SSXFF AM'),0.25,100.5);
Insert into RDANGE.SERVICE (SER_ID,E_ID,C_ID,SC_ID,LICENSE_NO,END_TIME,BASIC_FID,MAINTENANCE_TYPE,START_DATE,LABORTIME,TOTALCOST) values ('SR005','557279283.0','1001','S0001','AHS-3132',null,null,'B',to_timestamp('15-MAY-18 10.30.00.000000000 AM','DD-MON-RR HH.MI.SSXFF AM'),2,644);
Insert into RDANGE.SERVICE (SER_ID,E_ID,C_ID,SC_ID,LICENSE_NO,END_TIME,BASIC_FID,MAINTENANCE_TYPE,START_DATE,LABORTIME,TOTALCOST) values ('SR006','557279283.0','1001','S0001','AHS-3132',null,null,'A',to_timestamp('28-JAN-18 12.00.00.000000000 PM','DD-MON-RR HH.MI.SSXFF AM'),0.75,199.5);
Insert into RDANGE.SERVICE (SER_ID,E_ID,C_ID,SC_ID,LICENSE_NO,END_TIME,BASIC_FID,MAINTENANCE_TYPE,START_DATE,LABORTIME,TOTALCOST) values ('SR007','557279281.0','1002','S0001','IRM-1212',null,null,'A',to_timestamp('11-FEB-18 08.30.00.000000000 AM','DD-MON-RR HH.MI.SSXFF AM'),1,278);
Insert into RDANGE.SERVICE (SER_ID,E_ID,C_ID,SC_ID,LICENSE_NO,END_TIME,BASIC_FID,MAINTENANCE_TYPE,START_DATE,LABORTIME,TOTALCOST) values ('SR008','557279281.0','1002','S0001','IRM-1212',null,null,'B',to_timestamp('10-DEC-17 09.30.00.000000000 AM','DD-MON-RR HH.MI.SSXFF AM'),1.5,350);
Insert into RDANGE.SERVICE (SER_ID,E_ID,C_ID,SC_ID,LICENSE_NO,END_TIME,BASIC_FID,MAINTENANCE_TYPE,START_DATE,LABORTIME,TOTALCOST) values ('SR009','557279281.0','1002','S0001','IRM-1212',null,null,'C',to_timestamp('20-JAN-17 10.00.00.000000000 AM','DD-MON-RR HH.MI.SSXFF AM'),2.75,718.5);
Insert into RDANGE.SERVICE (SER_ID,E_ID,C_ID,SC_ID,LICENSE_NO,END_TIME,BASIC_FID,MAINTENANCE_TYPE,START_DATE,LABORTIME,TOTALCOST) values ('SR010','187658163.0','1003','S0002','DEL-8888',null,null,'A',to_timestamp('11-FEB-18 08.30.00.000000000 AM','DD-MON-RR HH.MI.SSXFF AM'),1.5,552);
Insert into RDANGE.SERVICE (SER_ID,E_ID,C_ID,SC_ID,LICENSE_NO,END_TIME,BASIC_FID,MAINTENANCE_TYPE,START_DATE,LABORTIME,TOTALCOST) values ('SR011','401671897.0','1003','S0002','DEL-8888',null,'BF006',null,to_timestamp('05-NOV-16 09.00.00.000000000 AM','DD-MON-RR HH.MI.SSXFF AM'),1.5,11041);
Insert into RDANGE.SERVICE (SER_ID,E_ID,C_ID,SC_ID,LICENSE_NO,END_TIME,BASIC_FID,MAINTENANCE_TYPE,START_DATE,LABORTIME,TOTALCOST) values ('SR012','590424694.0','1004','S0002','P11-212A',null,null,'B',to_timestamp('01-SEP-17 09.00.00.000000000 AM','DD-MON-RR HH.MI.SSXFF AM'),1.75,615.5);
Insert into RDANGE.SERVICE (SER_ID,E_ID,C_ID,SC_ID,LICENSE_NO,END_TIME,BASIC_FID,MAINTENANCE_TYPE,START_DATE,LABORTIME,TOTALCOST) values ('SR013','310773348.0','1004','S0002','P11-212A',null,null,'A',to_timestamp('15-JUN-14 08.30.00.000000000 AM','DD-MON-RR HH.MI.SSXFF AM'),1,247);
Insert into RDANGE.SERVICE (SER_ID,E_ID,C_ID,SC_ID,LICENSE_NO,END_TIME,BASIC_FID,MAINTENANCE_TYPE,START_DATE,LABORTIME,TOTALCOST) values ('SR014','310773348.0','1004','S0002','WIM-BLE5',null,null,'A',to_timestamp('11-NOV-16 08.30.00.000000000 AM','DD-MON-RR HH.MI.SSXFF AM'),0.75,199.5);
Insert into RDANGE.SERVICE (SER_ID,E_ID,C_ID,SC_ID,LICENSE_NO,END_TIME,BASIC_FID,MAINTENANCE_TYPE,START_DATE,LABORTIME,TOTALCOST) values ('SR015','401671897.0','1004','S0002','WIM-BLE5',null,'BF005',null,to_timestamp('02-JAN-16 02.00.00.000000000 PM','DD-MON-RR HH.MI.SSXFF AM'),1.5,794);
Insert into RDANGE.SERVICE (SER_ID,E_ID,C_ID,SC_ID,LICENSE_NO,END_TIME,BASIC_FID,MAINTENANCE_TYPE,START_DATE,LABORTIME,TOTALCOST) values ('SR016','401671897.0','1004','S0002','WIM-BLE5',null,'BF001',null,to_timestamp('30-SEP-15 11.00.00.000000000 AM','DD-MON-RR HH.MI.SSXFF AM'),3.25,7846.5);
Insert into RDANGE.SERVICE (SER_ID,E_ID,C_ID,SC_ID,LICENSE_NO,END_TIME,BASIC_FID,MAINTENANCE_TYPE,START_DATE,LABORTIME,TOTALCOST) values ('SR105','557279280.0','1001','S0001','XYZ-5643',to_timestamp('21-NOV-18 03.45.00.000000000 AM','DD-MON-RR HH.MI.SSXFF AM'),null,'A',to_timestamp('21-NOV-18 03.00.00.000000000 AM','DD-MON-RR HH.MI.SSXFF AM'),0.75,149.5);
REM INSERTING into RDANGE.SERVICECENTER
SET DEFINE OFF;
Insert into RDANGE.SERVICECENTER (SC_ID,SC_NAME,SC_TEL_NO,SC_ADDRESS) values ('S0001','Downtown Auto Care','18008999999','437 Fayetteville St., Raleigh, NC 27601');
Insert into RDANGE.SERVICECENTER (SC_ID,SC_NAME,SC_TEL_NO,SC_ADDRESS) values ('S0002','Express Auto Shop','17043331555','201 N Tryon St, Charlotte, NC 28202');
REM INSERTING into RDANGE.TASKS
SET DEFINE OFF;
Insert into RDANGE.TASKS (TASK_ID,BASIC_TASKID,CHARGE_RATE,TIME_REQUIRED,P_ID,PART_QUANTITY,MAKE,MODEL) values ('T001','BT001','50.0',0.25,'P001',1,'Toyota','Corolla');
Insert into RDANGE.TASKS (TASK_ID,BASIC_TASKID,CHARGE_RATE,TIME_REQUIRED,P_ID,PART_QUANTITY,MAKE,MODEL) values ('T002','BT002','50.0',0.25,'P003',1,'Toyota','Corolla');
Insert into RDANGE.TASKS (TASK_ID,BASIC_TASKID,CHARGE_RATE,TIME_REQUIRED,P_ID,PART_QUANTITY,MAKE,MODEL) values ('T003','BT003','50.0',0.25,'P004',1,'Toyota','Corolla');
Insert into RDANGE.TASKS (TASK_ID,BASIC_TASKID,CHARGE_RATE,TIME_REQUIRED,P_ID,PART_QUANTITY,MAKE,MODEL) values ('T004','BT004','50.0',0.5,'P005',4,'Toyota','Corolla');
Insert into RDANGE.TASKS (TASK_ID,BASIC_TASKID,CHARGE_RATE,TIME_REQUIRED,P_ID,PART_QUANTITY,MAKE,MODEL) values ('T005','BT005','65.0',1,'P006',1,'Toyota','Corolla');
Insert into RDANGE.TASKS (TASK_ID,BASIC_TASKID,CHARGE_RATE,TIME_REQUIRED,P_ID,PART_QUANTITY,MAKE,MODEL) values ('T006','BT006','65.0',1,'P007',1,'Toyota','Corolla');
Insert into RDANGE.TASKS (TASK_ID,BASIC_TASKID,CHARGE_RATE,TIME_REQUIRED,P_ID,PART_QUANTITY,MAKE,MODEL) values ('T007','BT007','50.0',0.25,'P008',1,'Toyota','Corolla');
Insert into RDANGE.TASKS (TASK_ID,BASIC_TASKID,CHARGE_RATE,TIME_REQUIRED,P_ID,PART_QUANTITY,MAKE,MODEL) values ('T008','BT008','65.0',1,'P009',1,'Toyota','Corolla');
Insert into RDANGE.TASKS (TASK_ID,BASIC_TASKID,CHARGE_RATE,TIME_REQUIRED,P_ID,PART_QUANTITY,MAKE,MODEL) values ('T009','BT009','50.0',0.25,'P010',1,'Toyota','Corolla');
Insert into RDANGE.TASKS (TASK_ID,BASIC_TASKID,CHARGE_RATE,TIME_REQUIRED,P_ID,PART_QUANTITY,MAKE,MODEL) values ('T010','BT010','65.0',1,'P011',6,'Toyota','Corolla');
Insert into RDANGE.TASKS (TASK_ID,BASIC_TASKID,CHARGE_RATE,TIME_REQUIRED,P_ID,PART_QUANTITY,MAKE,MODEL) values ('T011','BT011','50.0',0.5,'P012',2,'Toyota','Corolla');
Insert into RDANGE.TASKS (TASK_ID,BASIC_TASKID,CHARGE_RATE,TIME_REQUIRED,P_ID,PART_QUANTITY,MAKE,MODEL) values ('T012','BT012','50.0',0.25,'P013',1,'Toyota','Corolla');
Insert into RDANGE.TASKS (TASK_ID,BASIC_TASKID,CHARGE_RATE,TIME_REQUIRED,P_ID,PART_QUANTITY,MAKE,MODEL) values ('T013','BT013','65.0',1,'P014',4,'Toyota','Corolla');
Insert into RDANGE.TASKS (TASK_ID,BASIC_TASKID,CHARGE_RATE,TIME_REQUIRED,P_ID,PART_QUANTITY,MAKE,MODEL) values ('T014','BT014','50.0',0.25,'P015',1,'Toyota','Corolla');
Insert into RDANGE.TASKS (TASK_ID,BASIC_TASKID,CHARGE_RATE,TIME_REQUIRED,P_ID,PART_QUANTITY,MAKE,MODEL) values ('T015','BT015','50.0',0.25,'P016',4,'Toyota','Corolla');
Insert into RDANGE.TASKS (TASK_ID,BASIC_TASKID,CHARGE_RATE,TIME_REQUIRED,P_ID,PART_QUANTITY,MAKE,MODEL) values ('T016','BT016','50.0',0.25,'P017',1,'Toyota','Corolla');
Insert into RDANGE.TASKS (TASK_ID,BASIC_TASKID,CHARGE_RATE,TIME_REQUIRED,P_ID,PART_QUANTITY,MAKE,MODEL) values ('T017','BT017','50.0',0.5,'P012',2,'Toyota','Corolla');
Insert into RDANGE.TASKS (TASK_ID,BASIC_TASKID,CHARGE_RATE,TIME_REQUIRED,P_ID,PART_QUANTITY,MAKE,MODEL) values ('T018','BT018','50.0',0.5,'P012',4,'Toyota','Corolla');
Insert into RDANGE.TASKS (TASK_ID,BASIC_TASKID,CHARGE_RATE,TIME_REQUIRED,P_ID,PART_QUANTITY,MAKE,MODEL) values ('T019','BT019','65.0',1,'P018',4,'Toyota','Corolla');
Insert into RDANGE.TASKS (TASK_ID,BASIC_TASKID,CHARGE_RATE,TIME_REQUIRED,P_ID,PART_QUANTITY,MAKE,MODEL) values ('T020','BT020','65.0',1,'P002',2,'Toyota','Corolla');
Insert into RDANGE.TASKS (TASK_ID,BASIC_TASKID,CHARGE_RATE,TIME_REQUIRED,P_ID,PART_QUANTITY,MAKE,MODEL) values ('T021','BT021','50.0',0.25,'P019',1,'Toyota','Corolla');
Insert into RDANGE.TASKS (TASK_ID,BASIC_TASKID,CHARGE_RATE,TIME_REQUIRED,P_ID,PART_QUANTITY,MAKE,MODEL) values ('T022','BT001','50.0',0.25,'P001',1,'Toyota','Prius');
Insert into RDANGE.TASKS (TASK_ID,BASIC_TASKID,CHARGE_RATE,TIME_REQUIRED,P_ID,PART_QUANTITY,MAKE,MODEL) values ('T023','BT002','50.0',0.25,'P003',1,'Toyota','Prius');
Insert into RDANGE.TASKS (TASK_ID,BASIC_TASKID,CHARGE_RATE,TIME_REQUIRED,P_ID,PART_QUANTITY,MAKE,MODEL) values ('T024','BT003','50.0',0.25,'P004',1,'Toyota','Prius');
Insert into RDANGE.TASKS (TASK_ID,BASIC_TASKID,CHARGE_RATE,TIME_REQUIRED,P_ID,PART_QUANTITY,MAKE,MODEL) values ('T025','BT004','50.0',0.5,'P005',4,'Toyota','Prius');
Insert into RDANGE.TASKS (TASK_ID,BASIC_TASKID,CHARGE_RATE,TIME_REQUIRED,P_ID,PART_QUANTITY,MAKE,MODEL) values ('T026','BT005','65.0',1,'P006',1,'Toyota','Prius');
Insert into RDANGE.TASKS (TASK_ID,BASIC_TASKID,CHARGE_RATE,TIME_REQUIRED,P_ID,PART_QUANTITY,MAKE,MODEL) values ('T027','BT006','65.0',1,'P007',1,'Toyota','Prius');
Insert into RDANGE.TASKS (TASK_ID,BASIC_TASKID,CHARGE_RATE,TIME_REQUIRED,P_ID,PART_QUANTITY,MAKE,MODEL) values ('T028','BT007','50.0',0.25,'P008',1,'Toyota','Prius');
Insert into RDANGE.TASKS (TASK_ID,BASIC_TASKID,CHARGE_RATE,TIME_REQUIRED,P_ID,PART_QUANTITY,MAKE,MODEL) values ('T029','BT008','65.0',1,'P009',1,'Toyota','Prius');
Insert into RDANGE.TASKS (TASK_ID,BASIC_TASKID,CHARGE_RATE,TIME_REQUIRED,P_ID,PART_QUANTITY,MAKE,MODEL) values ('T030','BT009','50.0',0.25,'P010',1,'Toyota','Prius');
Insert into RDANGE.TASKS (TASK_ID,BASIC_TASKID,CHARGE_RATE,TIME_REQUIRED,P_ID,PART_QUANTITY,MAKE,MODEL) values ('T031','BT010','65.0',1,'P011',6,'Toyota','Prius');
Insert into RDANGE.TASKS (TASK_ID,BASIC_TASKID,CHARGE_RATE,TIME_REQUIRED,P_ID,PART_QUANTITY,MAKE,MODEL) values ('T032','BT011','50.0',0.5,'P012',2,'Toyota','Prius');
Insert into RDANGE.TASKS (TASK_ID,BASIC_TASKID,CHARGE_RATE,TIME_REQUIRED,P_ID,PART_QUANTITY,MAKE,MODEL) values ('T033','BT012','50.0',0.25,'P013',1,'Toyota','Prius');
Insert into RDANGE.TASKS (TASK_ID,BASIC_TASKID,CHARGE_RATE,TIME_REQUIRED,P_ID,PART_QUANTITY,MAKE,MODEL) values ('T034','BT013','65.0',1,'P014',4,'Toyota','Prius');
Insert into RDANGE.TASKS (TASK_ID,BASIC_TASKID,CHARGE_RATE,TIME_REQUIRED,P_ID,PART_QUANTITY,MAKE,MODEL) values ('T035','BT014','50.0',0.25,'P015',1,'Toyota','Prius');
Insert into RDANGE.TASKS (TASK_ID,BASIC_TASKID,CHARGE_RATE,TIME_REQUIRED,P_ID,PART_QUANTITY,MAKE,MODEL) values ('T036','BT015','50.0',0.25,'P016',4,'Toyota','Prius');
Insert into RDANGE.TASKS (TASK_ID,BASIC_TASKID,CHARGE_RATE,TIME_REQUIRED,P_ID,PART_QUANTITY,MAKE,MODEL) values ('T037','BT016','50.0',0.25,'P017',1,'Toyota','Prius');
Insert into RDANGE.TASKS (TASK_ID,BASIC_TASKID,CHARGE_RATE,TIME_REQUIRED,P_ID,PART_QUANTITY,MAKE,MODEL) values ('T038','BT017','50.0',0.5,'P012',2,'Toyota','Prius');
Insert into RDANGE.TASKS (TASK_ID,BASIC_TASKID,CHARGE_RATE,TIME_REQUIRED,P_ID,PART_QUANTITY,MAKE,MODEL) values ('T039','BT018','50.0',0.5,'P012',4,'Toyota','Prius');
Insert into RDANGE.TASKS (TASK_ID,BASIC_TASKID,CHARGE_RATE,TIME_REQUIRED,P_ID,PART_QUANTITY,MAKE,MODEL) values ('T040','BT019','65.0',1,'P018',4,'Toyota','Prius');
Insert into RDANGE.TASKS (TASK_ID,BASIC_TASKID,CHARGE_RATE,TIME_REQUIRED,P_ID,PART_QUANTITY,MAKE,MODEL) values ('T041','BT020','65.0',1,'P002',2,'Toyota','Prius');
Insert into RDANGE.TASKS (TASK_ID,BASIC_TASKID,CHARGE_RATE,TIME_REQUIRED,P_ID,PART_QUANTITY,MAKE,MODEL) values ('T042','BT021','50.0',0.25,'P019',1,'Toyota','Prius');
Insert into RDANGE.TASKS (TASK_ID,BASIC_TASKID,CHARGE_RATE,TIME_REQUIRED,P_ID,PART_QUANTITY,MAKE,MODEL) values ('T043','BT001','50.0',0.25,'P020',1,'Honda','Civic');
Insert into RDANGE.TASKS (TASK_ID,BASIC_TASKID,CHARGE_RATE,TIME_REQUIRED,P_ID,PART_QUANTITY,MAKE,MODEL) values ('T044','BT002','50.0',0.25,'P022',1,'Honda','Civic');
Insert into RDANGE.TASKS (TASK_ID,BASIC_TASKID,CHARGE_RATE,TIME_REQUIRED,P_ID,PART_QUANTITY,MAKE,MODEL) values ('T045','BT003','50.0',0.25,'P023',1,'Honda','Civic');
Insert into RDANGE.TASKS (TASK_ID,BASIC_TASKID,CHARGE_RATE,TIME_REQUIRED,P_ID,PART_QUANTITY,MAKE,MODEL) values ('T046','BT004','50.0',0.5,'P024',4,'Honda','Civic');
Insert into RDANGE.TASKS (TASK_ID,BASIC_TASKID,CHARGE_RATE,TIME_REQUIRED,P_ID,PART_QUANTITY,MAKE,MODEL) values ('T047','BT005','65.0',1,'P025',1,'Honda','Civic');
Insert into RDANGE.TASKS (TASK_ID,BASIC_TASKID,CHARGE_RATE,TIME_REQUIRED,P_ID,PART_QUANTITY,MAKE,MODEL) values ('T048','BT006','65.0',1,'P026',1,'Honda','Civic');
Insert into RDANGE.TASKS (TASK_ID,BASIC_TASKID,CHARGE_RATE,TIME_REQUIRED,P_ID,PART_QUANTITY,MAKE,MODEL) values ('T049','BT007','50.0',0.25,'P027',1,'Honda','Civic');
Insert into RDANGE.TASKS (TASK_ID,BASIC_TASKID,CHARGE_RATE,TIME_REQUIRED,P_ID,PART_QUANTITY,MAKE,MODEL) values ('T050','BT008','65.0',1,'P028',1,'Honda','Civic');
Insert into RDANGE.TASKS (TASK_ID,BASIC_TASKID,CHARGE_RATE,TIME_REQUIRED,P_ID,PART_QUANTITY,MAKE,MODEL) values ('T051','BT009','50.0',0.25,'P029',1,'Honda','Civic');
Insert into RDANGE.TASKS (TASK_ID,BASIC_TASKID,CHARGE_RATE,TIME_REQUIRED,P_ID,PART_QUANTITY,MAKE,MODEL) values ('T052','BT010','65.0',1,'P030',12,'Honda','Civic');
Insert into RDANGE.TASKS (TASK_ID,BASIC_TASKID,CHARGE_RATE,TIME_REQUIRED,P_ID,PART_QUANTITY,MAKE,MODEL) values ('T053','BT011','50.0',0.5,'P031',2,'Honda','Civic');
Insert into RDANGE.TASKS (TASK_ID,BASIC_TASKID,CHARGE_RATE,TIME_REQUIRED,P_ID,PART_QUANTITY,MAKE,MODEL) values ('T054','BT012','50.0',0.25,'P032',1,'Honda','Civic');
Insert into RDANGE.TASKS (TASK_ID,BASIC_TASKID,CHARGE_RATE,TIME_REQUIRED,P_ID,PART_QUANTITY,MAKE,MODEL) values ('T055','BT013','65.0',1,'P033',4,'Honda','Civic');
Insert into RDANGE.TASKS (TASK_ID,BASIC_TASKID,CHARGE_RATE,TIME_REQUIRED,P_ID,PART_QUANTITY,MAKE,MODEL) values ('T056','BT014','50.0',0.25,'P034',1,'Honda','Civic');
Insert into RDANGE.TASKS (TASK_ID,BASIC_TASKID,CHARGE_RATE,TIME_REQUIRED,P_ID,PART_QUANTITY,MAKE,MODEL) values ('T057','BT015','50.0',0.25,'P035',4,'Honda','Civic');
Insert into RDANGE.TASKS (TASK_ID,BASIC_TASKID,CHARGE_RATE,TIME_REQUIRED,P_ID,PART_QUANTITY,MAKE,MODEL) values ('T058','BT016','50.0',0.25,'P036',1,'Honda','Civic');
Insert into RDANGE.TASKS (TASK_ID,BASIC_TASKID,CHARGE_RATE,TIME_REQUIRED,P_ID,PART_QUANTITY,MAKE,MODEL) values ('T059','BT017','50.0',0.5,'P031',2,'Honda','Civic');
Insert into RDANGE.TASKS (TASK_ID,BASIC_TASKID,CHARGE_RATE,TIME_REQUIRED,P_ID,PART_QUANTITY,MAKE,MODEL) values ('T060','BT018','50.0',0.5,'P031',4,'Honda','Civic');
Insert into RDANGE.TASKS (TASK_ID,BASIC_TASKID,CHARGE_RATE,TIME_REQUIRED,P_ID,PART_QUANTITY,MAKE,MODEL) values ('T061','BT019','65.0',1,'P037',4,'Honda','Civic');
Insert into RDANGE.TASKS (TASK_ID,BASIC_TASKID,CHARGE_RATE,TIME_REQUIRED,P_ID,PART_QUANTITY,MAKE,MODEL) values ('T062','BT020','65.0',1,'P021',2,'Honda','Civic');
Insert into RDANGE.TASKS (TASK_ID,BASIC_TASKID,CHARGE_RATE,TIME_REQUIRED,P_ID,PART_QUANTITY,MAKE,MODEL) values ('T063','BT021','50.0',0.25,'P038',1,'Honda','Civic');
Insert into RDANGE.TASKS (TASK_ID,BASIC_TASKID,CHARGE_RATE,TIME_REQUIRED,P_ID,PART_QUANTITY,MAKE,MODEL) values ('T064','BT001','50.0',0.25,'P020',2,'Honda','Accord');
Insert into RDANGE.TASKS (TASK_ID,BASIC_TASKID,CHARGE_RATE,TIME_REQUIRED,P_ID,PART_QUANTITY,MAKE,MODEL) values ('T065','BT002','50.0',0.25,'P022',1,'Honda','Accord');
Insert into RDANGE.TASKS (TASK_ID,BASIC_TASKID,CHARGE_RATE,TIME_REQUIRED,P_ID,PART_QUANTITY,MAKE,MODEL) values ('T066','BT003','50.0',0.25,'P023',1,'Honda','Accord');
Insert into RDANGE.TASKS (TASK_ID,BASIC_TASKID,CHARGE_RATE,TIME_REQUIRED,P_ID,PART_QUANTITY,MAKE,MODEL) values ('T067','BT004','50.0',0.5,'P024',4,'Honda','Accord');
Insert into RDANGE.TASKS (TASK_ID,BASIC_TASKID,CHARGE_RATE,TIME_REQUIRED,P_ID,PART_QUANTITY,MAKE,MODEL) values ('T068','BT005','65.0',1,'P025',1,'Honda','Accord');
Insert into RDANGE.TASKS (TASK_ID,BASIC_TASKID,CHARGE_RATE,TIME_REQUIRED,P_ID,PART_QUANTITY,MAKE,MODEL) values ('T069','BT006','65.0',1,'P026',1,'Honda','Accord');
Insert into RDANGE.TASKS (TASK_ID,BASIC_TASKID,CHARGE_RATE,TIME_REQUIRED,P_ID,PART_QUANTITY,MAKE,MODEL) values ('T070','BT007','50.0',0.25,'P027',1,'Honda','Accord');
Insert into RDANGE.TASKS (TASK_ID,BASIC_TASKID,CHARGE_RATE,TIME_REQUIRED,P_ID,PART_QUANTITY,MAKE,MODEL) values ('T071','BT008','65.0',1,'P028',1,'Honda','Accord');
Insert into RDANGE.TASKS (TASK_ID,BASIC_TASKID,CHARGE_RATE,TIME_REQUIRED,P_ID,PART_QUANTITY,MAKE,MODEL) values ('T072','BT009','50.0',0.25,'P029',1,'Honda','Accord');
Insert into RDANGE.TASKS (TASK_ID,BASIC_TASKID,CHARGE_RATE,TIME_REQUIRED,P_ID,PART_QUANTITY,MAKE,MODEL) values ('T073','BT010','65.0',1,'P030',7,'Honda','Accord');
Insert into RDANGE.TASKS (TASK_ID,BASIC_TASKID,CHARGE_RATE,TIME_REQUIRED,P_ID,PART_QUANTITY,MAKE,MODEL) values ('T074','BT011','50.0',0.5,'P031',2,'Honda','Accord');
Insert into RDANGE.TASKS (TASK_ID,BASIC_TASKID,CHARGE_RATE,TIME_REQUIRED,P_ID,PART_QUANTITY,MAKE,MODEL) values ('T075','BT012','50.0',0.25,'P032',1,'Honda','Accord');
Insert into RDANGE.TASKS (TASK_ID,BASIC_TASKID,CHARGE_RATE,TIME_REQUIRED,P_ID,PART_QUANTITY,MAKE,MODEL) values ('T076','BT013','65.0',1,'P033',4,'Honda','Accord');
Insert into RDANGE.TASKS (TASK_ID,BASIC_TASKID,CHARGE_RATE,TIME_REQUIRED,P_ID,PART_QUANTITY,MAKE,MODEL) values ('T077','BT014','50.0',0.25,'P034',1,'Honda','Accord');
Insert into RDANGE.TASKS (TASK_ID,BASIC_TASKID,CHARGE_RATE,TIME_REQUIRED,P_ID,PART_QUANTITY,MAKE,MODEL) values ('T078','BT015','50.0',0.25,'P035',4,'Honda','Accord');
Insert into RDANGE.TASKS (TASK_ID,BASIC_TASKID,CHARGE_RATE,TIME_REQUIRED,P_ID,PART_QUANTITY,MAKE,MODEL) values ('T079','BT016','50.0',0.25,'P036',1,'Honda','Accord');
Insert into RDANGE.TASKS (TASK_ID,BASIC_TASKID,CHARGE_RATE,TIME_REQUIRED,P_ID,PART_QUANTITY,MAKE,MODEL) values ('T080','BT017','50.0',0.5,'P031',2,'Honda','Accord');
Insert into RDANGE.TASKS (TASK_ID,BASIC_TASKID,CHARGE_RATE,TIME_REQUIRED,P_ID,PART_QUANTITY,MAKE,MODEL) values ('T081','BT018','50.0',0.5,'P031',4,'Honda','Accord');
Insert into RDANGE.TASKS (TASK_ID,BASIC_TASKID,CHARGE_RATE,TIME_REQUIRED,P_ID,PART_QUANTITY,MAKE,MODEL) values ('T082','BT019','65.0',1,'P037',4,'Honda','Accord');
Insert into RDANGE.TASKS (TASK_ID,BASIC_TASKID,CHARGE_RATE,TIME_REQUIRED,P_ID,PART_QUANTITY,MAKE,MODEL) values ('T083','BT020','65.0',1,'P021',2,'Honda','Accord');
Insert into RDANGE.TASKS (TASK_ID,BASIC_TASKID,CHARGE_RATE,TIME_REQUIRED,P_ID,PART_QUANTITY,MAKE,MODEL) values ('T084','BT021','50.0',0.25,'P038',1,'Honda','Accord');
Insert into RDANGE.TASKS (TASK_ID,BASIC_TASKID,CHARGE_RATE,TIME_REQUIRED,P_ID,PART_QUANTITY,MAKE,MODEL) values ('T085','BT001','50.0',0.25,'P039',1,'Nissan','Altima');
Insert into RDANGE.TASKS (TASK_ID,BASIC_TASKID,CHARGE_RATE,TIME_REQUIRED,P_ID,PART_QUANTITY,MAKE,MODEL) values ('T086','BT002','50.0',0.25,'P041',1,'Nissan','Altima');
Insert into RDANGE.TASKS (TASK_ID,BASIC_TASKID,CHARGE_RATE,TIME_REQUIRED,P_ID,PART_QUANTITY,MAKE,MODEL) values ('T087','BT003','50.0',0.25,'P042',1,'Nissan','Altima');
Insert into RDANGE.TASKS (TASK_ID,BASIC_TASKID,CHARGE_RATE,TIME_REQUIRED,P_ID,PART_QUANTITY,MAKE,MODEL) values ('T088','BT004','50.0',0.5,'P043',4,'Nissan','Altima');
Insert into RDANGE.TASKS (TASK_ID,BASIC_TASKID,CHARGE_RATE,TIME_REQUIRED,P_ID,PART_QUANTITY,MAKE,MODEL) values ('T089','BT005','65.0',1,'P044',1,'Nissan','Altima');
Insert into RDANGE.TASKS (TASK_ID,BASIC_TASKID,CHARGE_RATE,TIME_REQUIRED,P_ID,PART_QUANTITY,MAKE,MODEL) values ('T090','BT006','65.0',1,'P045',1,'Nissan','Altima');
Insert into RDANGE.TASKS (TASK_ID,BASIC_TASKID,CHARGE_RATE,TIME_REQUIRED,P_ID,PART_QUANTITY,MAKE,MODEL) values ('T091','BT007','50.0',0.25,'P046',2,'Nissan','Altima');
Insert into RDANGE.TASKS (TASK_ID,BASIC_TASKID,CHARGE_RATE,TIME_REQUIRED,P_ID,PART_QUANTITY,MAKE,MODEL) values ('T092','BT008','65.0',1,'P047',1,'Nissan','Altima');
Insert into RDANGE.TASKS (TASK_ID,BASIC_TASKID,CHARGE_RATE,TIME_REQUIRED,P_ID,PART_QUANTITY,MAKE,MODEL) values ('T093','BT009','50.0',0.25,'P048',2,'Nissan','Altima');
Insert into RDANGE.TASKS (TASK_ID,BASIC_TASKID,CHARGE_RATE,TIME_REQUIRED,P_ID,PART_QUANTITY,MAKE,MODEL) values ('T094','BT010','65.0',1,'P049',7,'Nissan','Altima');
Insert into RDANGE.TASKS (TASK_ID,BASIC_TASKID,CHARGE_RATE,TIME_REQUIRED,P_ID,PART_QUANTITY,MAKE,MODEL) values ('T095','BT011','50.0',0.5,'P050',2,'Nissan','Altima');
Insert into RDANGE.TASKS (TASK_ID,BASIC_TASKID,CHARGE_RATE,TIME_REQUIRED,P_ID,PART_QUANTITY,MAKE,MODEL) values ('T096','BT012','50.0',0.25,'P051',1,'Nissan','Altima');
Insert into RDANGE.TASKS (TASK_ID,BASIC_TASKID,CHARGE_RATE,TIME_REQUIRED,P_ID,PART_QUANTITY,MAKE,MODEL) values ('T097','BT013','65.0',1,'P052',6,'Nissan','Altima');
Insert into RDANGE.TASKS (TASK_ID,BASIC_TASKID,CHARGE_RATE,TIME_REQUIRED,P_ID,PART_QUANTITY,MAKE,MODEL) values ('T098','BT014','50.0',0.25,'P053',1,'Nissan','Altima');
Insert into RDANGE.TASKS (TASK_ID,BASIC_TASKID,CHARGE_RATE,TIME_REQUIRED,P_ID,PART_QUANTITY,MAKE,MODEL) values ('T099','BT015','50.0',0.25,'P054',6,'Nissan','Altima');
Insert into RDANGE.TASKS (TASK_ID,BASIC_TASKID,CHARGE_RATE,TIME_REQUIRED,P_ID,PART_QUANTITY,MAKE,MODEL) values ('T100','BT016','50.0',0.25,'P055',1,'Nissan','Altima');
Insert into RDANGE.TASKS (TASK_ID,BASIC_TASKID,CHARGE_RATE,TIME_REQUIRED,P_ID,PART_QUANTITY,MAKE,MODEL) values ('T101','BT017','50.0',0.5,'P050',2,'Nissan','Altima');
Insert into RDANGE.TASKS (TASK_ID,BASIC_TASKID,CHARGE_RATE,TIME_REQUIRED,P_ID,PART_QUANTITY,MAKE,MODEL) values ('T102','BT018','50.0',0.5,'P050',4,'Nissan','Altima');
Insert into RDANGE.TASKS (TASK_ID,BASIC_TASKID,CHARGE_RATE,TIME_REQUIRED,P_ID,PART_QUANTITY,MAKE,MODEL) values ('T103','BT019','65.0',1,'P056',6,'Nissan','Altima');
Insert into RDANGE.TASKS (TASK_ID,BASIC_TASKID,CHARGE_RATE,TIME_REQUIRED,P_ID,PART_QUANTITY,MAKE,MODEL) values ('T104','BT020','65.0',1,'P040',2,'Nissan','Altima');
Insert into RDANGE.TASKS (TASK_ID,BASIC_TASKID,CHARGE_RATE,TIME_REQUIRED,P_ID,PART_QUANTITY,MAKE,MODEL) values ('T105','BT021','50.0',0.25,'P057',1,'Nissan','Altima');
Insert into RDANGE.TASKS (TASK_ID,BASIC_TASKID,CHARGE_RATE,TIME_REQUIRED,P_ID,PART_QUANTITY,MAKE,MODEL) values ('T106','BT001','50.0',0.25,'P039',3,'Nissan','Rogue');
Insert into RDANGE.TASKS (TASK_ID,BASIC_TASKID,CHARGE_RATE,TIME_REQUIRED,P_ID,PART_QUANTITY,MAKE,MODEL) values ('T107','BT002','50.0',0.25,'P041',2,'Nissan','Rogue');
Insert into RDANGE.TASKS (TASK_ID,BASIC_TASKID,CHARGE_RATE,TIME_REQUIRED,P_ID,PART_QUANTITY,MAKE,MODEL) values ('T108','BT003','50.0',0.25,'P042',2,'Nissan','Rogue');
Insert into RDANGE.TASKS (TASK_ID,BASIC_TASKID,CHARGE_RATE,TIME_REQUIRED,P_ID,PART_QUANTITY,MAKE,MODEL) values ('T109','BT004','50.0',0.5,'P043',4,'Nissan','Rogue');
Insert into RDANGE.TASKS (TASK_ID,BASIC_TASKID,CHARGE_RATE,TIME_REQUIRED,P_ID,PART_QUANTITY,MAKE,MODEL) values ('T110','BT005','65.0',1,'P044',2,'Nissan','Rogue');
Insert into RDANGE.TASKS (TASK_ID,BASIC_TASKID,CHARGE_RATE,TIME_REQUIRED,P_ID,PART_QUANTITY,MAKE,MODEL) values ('T111','BT006','65.0',1,'P045',1,'Nissan','Rogue');
Insert into RDANGE.TASKS (TASK_ID,BASIC_TASKID,CHARGE_RATE,TIME_REQUIRED,P_ID,PART_QUANTITY,MAKE,MODEL) values ('T112','BT007','50.0',0.25,'P046',2,'Nissan','Rogue');
Insert into RDANGE.TASKS (TASK_ID,BASIC_TASKID,CHARGE_RATE,TIME_REQUIRED,P_ID,PART_QUANTITY,MAKE,MODEL) values ('T113','BT008','65.0',1,'P047',1,'Nissan','Rogue');
Insert into RDANGE.TASKS (TASK_ID,BASIC_TASKID,CHARGE_RATE,TIME_REQUIRED,P_ID,PART_QUANTITY,MAKE,MODEL) values ('T114','BT009','50.0',0.25,'P048',3,'Nissan','Rogue');
Insert into RDANGE.TASKS (TASK_ID,BASIC_TASKID,CHARGE_RATE,TIME_REQUIRED,P_ID,PART_QUANTITY,MAKE,MODEL) values ('T115','BT010','65.0',1,'P049',9,'Nissan','Rogue');
Insert into RDANGE.TASKS (TASK_ID,BASIC_TASKID,CHARGE_RATE,TIME_REQUIRED,P_ID,PART_QUANTITY,MAKE,MODEL) values ('T116','BT011','50.0',0.5,'P050',2,'Nissan','Rogue');
Insert into RDANGE.TASKS (TASK_ID,BASIC_TASKID,CHARGE_RATE,TIME_REQUIRED,P_ID,PART_QUANTITY,MAKE,MODEL) values ('T117','BT012','50.0',0.25,'P051',2,'Nissan','Rogue');
Insert into RDANGE.TASKS (TASK_ID,BASIC_TASKID,CHARGE_RATE,TIME_REQUIRED,P_ID,PART_QUANTITY,MAKE,MODEL) values ('T118','BT013','65.0',1,'P052',8,'Nissan','Rogue');
Insert into RDANGE.TASKS (TASK_ID,BASIC_TASKID,CHARGE_RATE,TIME_REQUIRED,P_ID,PART_QUANTITY,MAKE,MODEL) values ('T119','BT014','50.0',0.25,'P053',1,'Nissan','Rogue');
Insert into RDANGE.TASKS (TASK_ID,BASIC_TASKID,CHARGE_RATE,TIME_REQUIRED,P_ID,PART_QUANTITY,MAKE,MODEL) values ('T120','BT015','50.0',0.25,'P054',8,'Nissan','Rogue');
Insert into RDANGE.TASKS (TASK_ID,BASIC_TASKID,CHARGE_RATE,TIME_REQUIRED,P_ID,PART_QUANTITY,MAKE,MODEL) values ('T121','BT016','50.0',0.25,'P055',1,'Nissan','Rogue');
Insert into RDANGE.TASKS (TASK_ID,BASIC_TASKID,CHARGE_RATE,TIME_REQUIRED,P_ID,PART_QUANTITY,MAKE,MODEL) values ('T122','BT017','50.0',0.5,'P050',2,'Nissan','Rogue');
Insert into RDANGE.TASKS (TASK_ID,BASIC_TASKID,CHARGE_RATE,TIME_REQUIRED,P_ID,PART_QUANTITY,MAKE,MODEL) values ('T123','BT018','50.0',0.5,'P050',4,'Nissan','Rogue');
Insert into RDANGE.TASKS (TASK_ID,BASIC_TASKID,CHARGE_RATE,TIME_REQUIRED,P_ID,PART_QUANTITY,MAKE,MODEL) values ('T124','BT019','65.0',1,'P056',8,'Nissan','Rogue');
Insert into RDANGE.TASKS (TASK_ID,BASIC_TASKID,CHARGE_RATE,TIME_REQUIRED,P_ID,PART_QUANTITY,MAKE,MODEL) values ('T125','BT020','65.0',1,'P040',2,'Nissan','Rogue');
Insert into RDANGE.TASKS (TASK_ID,BASIC_TASKID,CHARGE_RATE,TIME_REQUIRED,P_ID,PART_QUANTITY,MAKE,MODEL) values ('T126','BT021','50.0',0.25,'P057',1,'Nissan','Rogue');
REM INSERTING into RDANGE.VEHICLE
SET DEFINE OFF;
Insert into RDANGE.VEHICLE (MODEL,MAKE,LICENSE_NO,DATE_OF_PURCHASE,MILEAGE,C_ID,YEAR,LAST_SERVICE_DATE) values ('E 200','Mercedes','QWE-123',to_date('12-DEC-17','DD-MON-RR'),1000,'1001',2017,to_date('12-NOV-18','DD-MON-RR'));
Insert into RDANGE.VEHICLE (MODEL,MAKE,LICENSE_NO,DATE_OF_PURCHASE,MILEAGE,C_ID,YEAR,LAST_SERVICE_DATE) values ('Civic','Honda','XYZ-5643',to_date('24-DEC-15','DD-MON-RR'),90452,'1001',2009,to_date('10-SEP-18','DD-MON-RR'));
Insert into RDANGE.VEHICLE (MODEL,MAKE,LICENSE_NO,DATE_OF_PURCHASE,MILEAGE,C_ID,YEAR,LAST_SERVICE_DATE) values ('Prius','Toyota','AHS-3132',to_date('01-JAN-11','DD-MON-RR'),65452,'1001',2007,to_date('06-AUG-18','DD-MON-RR'));
Insert into RDANGE.VEHICLE (MODEL,MAKE,LICENSE_NO,DATE_OF_PURCHASE,MILEAGE,C_ID,YEAR,LAST_SERVICE_DATE) values ('Altima','Nissan','IRM-1212',to_date('07-SEP-02','DD-MON-RR'),210452,'1002',2001,to_date('11-FEB-18','DD-MON-RR'));
Insert into RDANGE.VEHICLE (MODEL,MAKE,LICENSE_NO,DATE_OF_PURCHASE,MILEAGE,C_ID,YEAR,LAST_SERVICE_DATE) values ('Rogue','Nissan','DEL-8888',to_date('11-MAY-16','DD-MON-RR'),31209,'1003',2014,to_date('11-FEB-18','DD-MON-RR'));
Insert into RDANGE.VEHICLE (MODEL,MAKE,LICENSE_NO,DATE_OF_PURCHASE,MILEAGE,C_ID,YEAR,LAST_SERVICE_DATE) values ('Accord','Honda','P11-212A',to_date('14-APR-10','DD-MON-RR'),60452,'1004',2009,to_date('01-SEP-17','DD-MON-RR'));
Insert into RDANGE.VEHICLE (MODEL,MAKE,LICENSE_NO,DATE_OF_PURCHASE,MILEAGE,C_ID,YEAR,LAST_SERVICE_DATE) values ('Prius','Toyota','WIM-BLE5',to_date('01-MAR-14','DD-MON-RR'),19876,'1004',2013,to_date('11-NOV-16','DD-MON-RR'));
Insert into RDANGE.VEHICLE (MODEL,MAKE,LICENSE_NO,DATE_OF_PURCHASE,MILEAGE,C_ID,YEAR,LAST_SERVICE_DATE) values ('Accord','Honda','TSW-3462',to_date('09-DEC-15','DD-MON-RR'),0,'1003',2015,null);
Insert into RDANGE.VEHICLE (MODEL,MAKE,LICENSE_NO,DATE_OF_PURCHASE,MILEAGE,C_ID,YEAR,LAST_SERVICE_DATE) values ('M3','BMW','ABC-DEFG',to_date('12-DEC-16','DD-MON-RR'),20000,'1004',2016,to_date('12-DEC-17','DD-MON-RR'));
Insert into RDANGE.VEHICLE (MODEL,MAKE,LICENSE_NO,DATE_OF_PURCHASE,MILEAGE,C_ID,YEAR,LAST_SERVICE_DATE) values ('oijwq','wejdhw','dkqjwnkqj',to_date('12-DEC-17','DD-MON-RR'),1203,'1004',2016,null);
Insert into RDANGE.VEHICLE (MODEL,MAKE,LICENSE_NO,DATE_OF_PURCHASE,MILEAGE,C_ID,YEAR,LAST_SERVICE_DATE) values ('accord','Honda','XXX-1111',to_date('04-DEC-91','DD-MON-RR'),2000,'1004',2018,to_date('04-JAN-17','DD-MON-RR'));
REM INSERTING into RDANGE.WAGE_TYPE
SET DEFINE OFF;