--------------------------------------------------------
--  File created - Sunday-November-11-2018   
--------------------------------------------------------
--------------------------------------------------------
--  DDL for Table BASICFAULTS
--------------------------------------------------------

  CREATE TABLE "SGSHETTY"."BASICFAULTS" 
   (	"BASIC_FID" VARCHAR2(250 BYTE), 
	"FAULTS" VARCHAR2(250 BYTE), 
	"DIAGNOSTIC" VARCHAR2(250 BYTE), 
	"DIAGNOSTIC_FEE" NUMBER(*,0)
   ) SEGMENT CREATION IMMEDIATE 
  PCTFREE 10 PCTUSED 40 INITRANS 1 MAXTRANS 255 NOCOMPRESS LOGGING
  STORAGE(INITIAL 65536 NEXT 1048576 MINEXTENTS 1 MAXEXTENTS 2147483645
  PCTINCREASE 0 FREELISTS 1 FREELIST GROUPS 1 BUFFER_POOL DEFAULT FLASH_CACHE DEFAULT CELL_FLASH_CACHE DEFAULT)
  TABLESPACE "USERS" ;
--------------------------------------------------------
--  DDL for Table BASICTASK
--------------------------------------------------------

  CREATE TABLE "SGSHETTY"."BASICTASK" 
   (	"BASIC_TASKID" VARCHAR2(250 BYTE), 
	"TASK_NAME" VARCHAR2(250 BYTE)
   ) SEGMENT CREATION IMMEDIATE 
  PCTFREE 10 PCTUSED 40 INITRANS 1 MAXTRANS 255 NOCOMPRESS LOGGING
  STORAGE(INITIAL 65536 NEXT 1048576 MINEXTENTS 1 MAXEXTENTS 2147483645
  PCTINCREASE 0 FREELISTS 1 FREELIST GROUPS 1 BUFFER_POOL DEFAULT FLASH_CACHE DEFAULT CELL_FLASH_CACHE DEFAULT)
  TABLESPACE "USERS" ;
--------------------------------------------------------
--  DDL for Table CUSTOMER
--------------------------------------------------------

  CREATE TABLE "SGSHETTY"."CUSTOMER" 
   (	"C_ID" VARCHAR2(250 BYTE), 
	"C_EMAIL" VARCHAR2(250 BYTE), 
	"C_ADDR" VARCHAR2(250 BYTE), 
	"C_TEL_NO" VARCHAR2(250 BYTE), 
	"C_NAME" VARCHAR2(250 BYTE), 
	"SC_ID" VARCHAR2(250 BYTE)
   ) SEGMENT CREATION IMMEDIATE 
  PCTFREE 10 PCTUSED 40 INITRANS 1 MAXTRANS 255 NOCOMPRESS LOGGING
  STORAGE(INITIAL 65536 NEXT 1048576 MINEXTENTS 1 MAXEXTENTS 2147483645
  PCTINCREASE 0 FREELISTS 1 FREELIST GROUPS 1 BUFFER_POOL DEFAULT FLASH_CACHE DEFAULT CELL_FLASH_CACHE DEFAULT)
  TABLESPACE "USERS" ;
--------------------------------------------------------
--  DDL for Table DISTRIBUTOR
--------------------------------------------------------

  CREATE TABLE "SGSHETTY"."DISTRIBUTOR" 
   (	"D_ID" VARCHAR2(250 BYTE), 
	"D_NAME" VARCHAR2(250 BYTE), 
	"D_ADDR" VARCHAR2(250 BYTE)
   ) SEGMENT CREATION IMMEDIATE 
  PCTFREE 10 PCTUSED 40 INITRANS 1 MAXTRANS 255 NOCOMPRESS LOGGING
  STORAGE(INITIAL 65536 NEXT 1048576 MINEXTENTS 1 MAXEXTENTS 2147483645
  PCTINCREASE 0 FREELISTS 1 FREELIST GROUPS 1 BUFFER_POOL DEFAULT FLASH_CACHE DEFAULT CELL_FLASH_CACHE DEFAULT)
  TABLESPACE "USERS" ;
--------------------------------------------------------
--  DDL for Table EMPLOYEE
--------------------------------------------------------

  CREATE TABLE "SGSHETTY"."EMPLOYEE" 
   (	"E_ID" VARCHAR2(250 BYTE), 
	"E_NAME" VARCHAR2(250 BYTE), 
	"E_EMAIL" VARCHAR2(250 BYTE), 
	"SC_ID" VARCHAR2(250 BYTE), 
	"E_ADDRESS" VARCHAR2(250 BYTE), 
	"E_TEL_NO" VARCHAR2(250 BYTE), 
	"E_ROLE" VARCHAR2(250 BYTE), 
	"START_DATE" DATE, 
	"COMPENSATION" NUMBER(*,0)
   ) SEGMENT CREATION IMMEDIATE 
  PCTFREE 10 PCTUSED 40 INITRANS 1 MAXTRANS 255 NOCOMPRESS LOGGING
  STORAGE(INITIAL 65536 NEXT 1048576 MINEXTENTS 1 MAXEXTENTS 2147483645
  PCTINCREASE 0 FREELISTS 1 FREELIST GROUPS 1 BUFFER_POOL DEFAULT FLASH_CACHE DEFAULT CELL_FLASH_CACHE DEFAULT)
  TABLESPACE "USERS" ;
--------------------------------------------------------
--  DDL for Table FAULTS
--------------------------------------------------------

  CREATE TABLE "SGSHETTY"."FAULTS" 
   (	"F_ID" VARCHAR2(250 BYTE), 
	"BASIC_FID" VARCHAR2(20 BYTE), 
	"BASIC_TASKID" VARCHAR2(250 BYTE)
   ) SEGMENT CREATION IMMEDIATE 
  PCTFREE 10 PCTUSED 40 INITRANS 1 MAXTRANS 255 NOCOMPRESS LOGGING
  STORAGE(INITIAL 65536 NEXT 1048576 MINEXTENTS 1 MAXEXTENTS 2147483645
  PCTINCREASE 0 FREELISTS 1 FREELIST GROUPS 1 BUFFER_POOL DEFAULT FLASH_CACHE DEFAULT CELL_FLASH_CACHE DEFAULT)
  TABLESPACE "USERS" ;
--------------------------------------------------------
--  DDL for Table INVENTORY
--------------------------------------------------------

  CREATE TABLE "SGSHETTY"."INVENTORY" 
   (	"I_ID" VARCHAR2(20 BYTE), 
	"SC_ID" VARCHAR2(250 BYTE), 
	"P_ID" VARCHAR2(250 BYTE), 
	"QUANTITY" NUMBER(*,0), 
	"THRESHOLD_QUANTITY" NUMBER(*,0), 
	"MIN_ORDER" NUMBER(*,0)
   ) SEGMENT CREATION IMMEDIATE 
  PCTFREE 10 PCTUSED 40 INITRANS 1 MAXTRANS 255 NOCOMPRESS LOGGING
  STORAGE(INITIAL 65536 NEXT 1048576 MINEXTENTS 1 MAXEXTENTS 2147483645
  PCTINCREASE 0 FREELISTS 1 FREELIST GROUPS 1 BUFFER_POOL DEFAULT FLASH_CACHE DEFAULT CELL_FLASH_CACHE DEFAULT)
  TABLESPACE "USERS" ;
--------------------------------------------------------
--  DDL for Table MAINTENANCE
--------------------------------------------------------

  CREATE TABLE "SGSHETTY"."MAINTENANCE" 
   (	"M_ID" VARCHAR2(250 BYTE), 
	"TYPE" VARCHAR2(250 BYTE), 
	"BASIC_TASKID" VARCHAR2(250 BYTE), 
	"MAKE" VARCHAR2(250 BYTE), 
	"MODEL" VARCHAR2(250 BYTE), 
	"MILEAGE" NUMBER(*,0)
   ) SEGMENT CREATION IMMEDIATE 
  PCTFREE 10 PCTUSED 40 INITRANS 1 MAXTRANS 255 NOCOMPRESS LOGGING
  STORAGE(INITIAL 65536 NEXT 1048576 MINEXTENTS 1 MAXEXTENTS 2147483645
  PCTINCREASE 0 FREELISTS 1 FREELIST GROUPS 1 BUFFER_POOL DEFAULT FLASH_CACHE DEFAULT CELL_FLASH_CACHE DEFAULT)
  TABLESPACE "USERS" ;
--------------------------------------------------------
--  DDL for Table NOTIFICATION
--------------------------------------------------------

  CREATE TABLE "SGSHETTY"."NOTIFICATION" 
   (	"N_ID" VARCHAR2(250 BYTE), 
	"SC_ID" VARCHAR2(250 BYTE), 
	"NOTIF_DATE" DATE, 
	"MESSAGE" VARCHAR2(250 BYTE)
   ) SEGMENT CREATION IMMEDIATE 
  PCTFREE 10 PCTUSED 40 INITRANS 1 MAXTRANS 255 NOCOMPRESS LOGGING
  STORAGE(INITIAL 65536 NEXT 1048576 MINEXTENTS 1 MAXEXTENTS 2147483645
  PCTINCREASE 0 FREELISTS 1 FREELIST GROUPS 1 BUFFER_POOL DEFAULT FLASH_CACHE DEFAULT CELL_FLASH_CACHE DEFAULT)
  TABLESPACE "USERS" ;
--------------------------------------------------------
--  DDL for Table ORDERS
--------------------------------------------------------

  CREATE TABLE "SGSHETTY"."ORDERS" 
   (	"ORDER_PLACEMENT_DATE" TIMESTAMP (6), 
	"EXPECTED_DELIVERY_DATE" TIMESTAMP (6), 
	"ACTUAL_DELIVERY_DATE" TIMESTAMP (6), 
	"O_ID" VARCHAR2(250 BYTE), 
	"ORIGIN_D_ID" VARCHAR2(250 BYTE), 
	"ORIGIN_SC_ID" VARCHAR2(250 BYTE), 
	"P_ID" VARCHAR2(250 BYTE), 
	"DESTINATION_SC_ID" VARCHAR2(250 BYTE), 
	"QUANTITY" NUMBER(*,0), 
	"O_STATE" VARCHAR2(250 BYTE)
   ) SEGMENT CREATION IMMEDIATE 
  PCTFREE 10 PCTUSED 40 INITRANS 1 MAXTRANS 255 NOCOMPRESS LOGGING
  STORAGE(INITIAL 65536 NEXT 1048576 MINEXTENTS 1 MAXEXTENTS 2147483645
  PCTINCREASE 0 FREELISTS 1 FREELIST GROUPS 1 BUFFER_POOL DEFAULT FLASH_CACHE DEFAULT CELL_FLASH_CACHE DEFAULT)
  TABLESPACE "USERS" ;
--------------------------------------------------------
--  DDL for Table PARTS
--------------------------------------------------------

  CREATE TABLE "SGSHETTY"."PARTS" 
   (	"P_ID" VARCHAR2(250 BYTE), 
	"P_NAME" VARCHAR2(250 BYTE), 
	"UNIT_PRICE" VARCHAR2(250 BYTE), 
	"WARRANTY_MONTHS" NUMBER(*,0), 
	"MAKE" VARCHAR2(250 BYTE)
   ) SEGMENT CREATION IMMEDIATE 
  PCTFREE 10 PCTUSED 40 INITRANS 1 MAXTRANS 255 NOCOMPRESS LOGGING
  STORAGE(INITIAL 65536 NEXT 1048576 MINEXTENTS 1 MAXEXTENTS 2147483645
  PCTINCREASE 0 FREELISTS 1 FREELIST GROUPS 1 BUFFER_POOL DEFAULT FLASH_CACHE DEFAULT CELL_FLASH_CACHE DEFAULT)
  TABLESPACE "USERS" ;
--------------------------------------------------------
--  DDL for Table PERSON
--------------------------------------------------------

  CREATE TABLE "SGSHETTY"."PERSON" 
   (	"USERID" VARCHAR2(250 BYTE), 
	"EMAILID" VARCHAR2(250 BYTE), 
	"PASSWORD" VARCHAR2(250 BYTE), 
	"ROLE" VARCHAR2(250 BYTE)
   ) SEGMENT CREATION IMMEDIATE 
  PCTFREE 10 PCTUSED 40 INITRANS 1 MAXTRANS 255 NOCOMPRESS LOGGING
  STORAGE(INITIAL 65536 NEXT 1048576 MINEXTENTS 1 MAXEXTENTS 2147483645
  PCTINCREASE 0 FREELISTS 1 FREELIST GROUPS 1 BUFFER_POOL DEFAULT FLASH_CACHE DEFAULT CELL_FLASH_CACHE DEFAULT)
  TABLESPACE "USERS" ;
--------------------------------------------------------
--  DDL for Table SERVICE
--------------------------------------------------------

  CREATE TABLE "SGSHETTY"."SERVICE" 
   (	"SER_ID" VARCHAR2(250 BYTE), 
	"E_ID" VARCHAR2(250 BYTE), 
	"C_ID" VARCHAR2(250 BYTE), 
	"SC_ID" VARCHAR2(250 BYTE), 
	"LICENSE_NO" VARCHAR2(250 BYTE), 
	"END_TIME" TIMESTAMP (6), 
	"BASIC_FID" VARCHAR2(250 BYTE), 
	"MAINTENANCE_TYPE" VARCHAR2(250 BYTE), 
	"START_DATE" TIMESTAMP (6)
   ) SEGMENT CREATION IMMEDIATE 
  PCTFREE 10 PCTUSED 40 INITRANS 1 MAXTRANS 255 NOCOMPRESS LOGGING
  STORAGE(INITIAL 65536 NEXT 1048576 MINEXTENTS 1 MAXEXTENTS 2147483645
  PCTINCREASE 0 FREELISTS 1 FREELIST GROUPS 1 BUFFER_POOL DEFAULT FLASH_CACHE DEFAULT CELL_FLASH_CACHE DEFAULT)
  TABLESPACE "USERS" ;
--------------------------------------------------------
--  DDL for Table SERVICECENTER
--------------------------------------------------------

  CREATE TABLE "SGSHETTY"."SERVICECENTER" 
   (	"SC_ID" VARCHAR2(250 BYTE), 
	"SC_NAME" VARCHAR2(250 BYTE), 
	"SC_TEL_NO" VARCHAR2(250 BYTE), 
	"SC_ADDRESS" VARCHAR2(250 BYTE)
   ) SEGMENT CREATION IMMEDIATE 
  PCTFREE 10 PCTUSED 40 INITRANS 1 MAXTRANS 255 NOCOMPRESS LOGGING
  STORAGE(INITIAL 65536 NEXT 1048576 MINEXTENTS 1 MAXEXTENTS 2147483645
  PCTINCREASE 0 FREELISTS 1 FREELIST GROUPS 1 BUFFER_POOL DEFAULT FLASH_CACHE DEFAULT CELL_FLASH_CACHE DEFAULT)
  TABLESPACE "USERS" ;
--------------------------------------------------------
--  DDL for Table TASKS
--------------------------------------------------------

  CREATE TABLE "SGSHETTY"."TASKS" 
   (	"TASK_ID" VARCHAR2(250 BYTE), 
	"BASIC_TASKID" VARCHAR2(250 BYTE), 
	"CHARGE_RATE" VARCHAR2(250 BYTE), 
	"TIME_REQUIRED" FLOAT(126), 
	"P_ID" VARCHAR2(250 BYTE), 
	"PART_QUANTITY" NUMBER(*,0), 
	"MAKE" VARCHAR2(250 BYTE), 
	"MODEL" VARCHAR2(250 BYTE)
   ) SEGMENT CREATION IMMEDIATE 
  PCTFREE 10 PCTUSED 40 INITRANS 1 MAXTRANS 255 NOCOMPRESS LOGGING
  STORAGE(INITIAL 65536 NEXT 1048576 MINEXTENTS 1 MAXEXTENTS 2147483645
  PCTINCREASE 0 FREELISTS 1 FREELIST GROUPS 1 BUFFER_POOL DEFAULT FLASH_CACHE DEFAULT CELL_FLASH_CACHE DEFAULT)
  TABLESPACE "USERS" ;
--------------------------------------------------------
--  DDL for Table TEST
--------------------------------------------------------

  CREATE TABLE "SGSHETTY"."TEST" 
   (	"ID" NUMBER(*,0)
   ) SEGMENT CREATION IMMEDIATE 
  PCTFREE 10 PCTUSED 40 INITRANS 1 MAXTRANS 255 NOCOMPRESS LOGGING
  STORAGE(INITIAL 65536 NEXT 1048576 MINEXTENTS 1 MAXEXTENTS 2147483645
  PCTINCREASE 0 FREELISTS 1 FREELIST GROUPS 1 BUFFER_POOL DEFAULT FLASH_CACHE DEFAULT CELL_FLASH_CACHE DEFAULT)
  TABLESPACE "USERS" ;
--------------------------------------------------------
--  DDL for Table VEHICLE
--------------------------------------------------------

  CREATE TABLE "SGSHETTY"."VEHICLE" 
   (	"MODEL" VARCHAR2(250 BYTE), 
	"MAKE" VARCHAR2(250 BYTE), 
	"LICENSE_NO" VARCHAR2(250 BYTE), 
	"DATE_OF_PURCHASE" DATE, 
	"MILEAGE" FLOAT(126), 
	"C_ID" VARCHAR2(250 BYTE), 
	"YEAR" NUMBER(*,0), 
	"LAST_SERVICE_DATE" DATE
   ) SEGMENT CREATION IMMEDIATE 
  PCTFREE 10 PCTUSED 40 INITRANS 1 MAXTRANS 255 NOCOMPRESS LOGGING
  STORAGE(INITIAL 65536 NEXT 1048576 MINEXTENTS 1 MAXEXTENTS 2147483645
  PCTINCREASE 0 FREELISTS 1 FREELIST GROUPS 1 BUFFER_POOL DEFAULT FLASH_CACHE DEFAULT CELL_FLASH_CACHE DEFAULT)
  TABLESPACE "USERS" ;
--------------------------------------------------------
--  DDL for Table WAGE_TYPE
--------------------------------------------------------

  CREATE TABLE "SGSHETTY"."WAGE_TYPE" 
   (	"ROLE" VARCHAR2(250 BYTE), 
	"PAY_TYPE" NUMBER(*,0)
   ) SEGMENT CREATION IMMEDIATE 
  PCTFREE 10 PCTUSED 40 INITRANS 1 MAXTRANS 255 NOCOMPRESS LOGGING
  STORAGE(INITIAL 65536 NEXT 1048576 MINEXTENTS 1 MAXEXTENTS 2147483645
  PCTINCREASE 0 FREELISTS 1 FREELIST GROUPS 1 BUFFER_POOL DEFAULT FLASH_CACHE DEFAULT CELL_FLASH_CACHE DEFAULT)
  TABLESPACE "USERS" ;
REM INSERTING into SGSHETTY.BASICFAULTS
SET DEFINE OFF;
Insert into SGSHETTY.BASICFAULTS (BASIC_FID,FAULTS,DIAGNOSTIC,DIAGNOSTIC_FEE) values ('BF001','Engine Knock','Timing issue',75);
Insert into SGSHETTY.BASICFAULTS (BASIC_FID,FAULTS,DIAGNOSTIC,DIAGNOSTIC_FEE) values ('BF002','Car drifts in a particular direction','Wheel alignment issue',50);
Insert into SGSHETTY.BASICFAULTS (BASIC_FID,FAULTS,DIAGNOSTIC,DIAGNOSTIC_FEE) values ('BF003','Battery does not hold charge','Battery needs replacement',25);
Insert into SGSHETTY.BASICFAULTS (BASIC_FID,FAULTS,DIAGNOSTIC,DIAGNOSTIC_FEE) values ('BF004','Black/unclean exhaust','Bad catalytic convertor and filters',75);
Insert into SGSHETTY.BASICFAULTS (BASIC_FID,FAULTS,DIAGNOSTIC,DIAGNOSTIC_FEE) values ('BF005','A/C-Heater not working','Drive belt damaged, coolant not enough, weak battery',50);
Insert into SGSHETTY.BASICFAULTS (BASIC_FID,FAULTS,DIAGNOSTIC,DIAGNOSTIC_FEE) values ('BF006','Headlamps/Tail lamps not working','Light assembly damaged',30);
Insert into SGSHETTY.BASICFAULTS (BASIC_FID,FAULTS,DIAGNOSTIC,DIAGNOSTIC_FEE) values ('BF007','Check engine light','Gearbox and Torque convertor issue',100);
REM INSERTING into SGSHETTY.BASICTASK
SET DEFINE OFF;
Insert into SGSHETTY.BASICTASK (BASIC_TASKID,TASK_NAME) values ('BT001','Air filter change');
Insert into SGSHETTY.BASICTASK (BASIC_TASKID,TASK_NAME) values ('BT002','Battery replacement');
Insert into SGSHETTY.BASICTASK (BASIC_TASKID,TASK_NAME) values ('BT003','Brake check');
Insert into SGSHETTY.BASICTASK (BASIC_TASKID,TASK_NAME) values ('BT004','Brake repair');
Insert into SGSHETTY.BASICTASK (BASIC_TASKID,TASK_NAME) values ('BT005','Camshaft replacement');
Insert into SGSHETTY.BASICTASK (BASIC_TASKID,TASK_NAME) values ('BT006','Catalytic convertor replacement');
Insert into SGSHETTY.BASICTASK (BASIC_TASKID,TASK_NAME) values ('BT007','Coolant recycle');
Insert into SGSHETTY.BASICTASK (BASIC_TASKID,TASK_NAME) values ('BT008','Drive belt replacement');
Insert into SGSHETTY.BASICTASK (BASIC_TASKID,TASK_NAME) values ('BT009','Engine oil change');
Insert into SGSHETTY.BASICTASK (BASIC_TASKID,TASK_NAME) values ('BT010','Gearbox repair');
Insert into SGSHETTY.BASICTASK (BASIC_TASKID,TASK_NAME) values ('BT011','Headlights replacement');
Insert into SGSHETTY.BASICTASK (BASIC_TASKID,TASK_NAME) values ('BT012','Oil filter change');
Insert into SGSHETTY.BASICTASK (BASIC_TASKID,TASK_NAME) values ('BT013','Piston replacement');
Insert into SGSHETTY.BASICTASK (BASIC_TASKID,TASK_NAME) values ('BT014','Power steering check');
Insert into SGSHETTY.BASICTASK (BASIC_TASKID,TASK_NAME) values ('BT015','Spark plugs replacement');
Insert into SGSHETTY.BASICTASK (BASIC_TASKID,TASK_NAME) values ('BT016','Suspension check');
Insert into SGSHETTY.BASICTASK (BASIC_TASKID,TASK_NAME) values ('BT017','Tail light replacement');
Insert into SGSHETTY.BASICTASK (BASIC_TASKID,TASK_NAME) values ('BT018','Turn lights replacement');
Insert into SGSHETTY.BASICTASK (BASIC_TASKID,TASK_NAME) values ('BT019','Valve replacement');
Insert into SGSHETTY.BASICTASK (BASIC_TASKID,TASK_NAME) values ('BT020','Wheel alignment');
Insert into SGSHETTY.BASICTASK (BASIC_TASKID,TASK_NAME) values ('BT021','Wiper check');
REM INSERTING into SGSHETTY.CUSTOMER
SET DEFINE OFF;
Insert into SGSHETTY.CUSTOMER (C_ID,C_EMAIL,C_ADDR,C_TEL_NO,C_NAME,SC_ID) values ('1001','Tom Cruise','203, Park St, Raleigh, NC - 27603 ','ethanhunt@gmail.com ','1234567890','S0001');
Insert into SGSHETTY.CUSTOMER (C_ID,C_EMAIL,C_ADDR,C_TEL_NO,C_NAME,SC_ID) values ('1002','Robert Downey Jr.','12-A, High St, Raleigh, NC - 27605 ','jarvis@gmail.com ','9989877791','S0001');
Insert into SGSHETTY.CUSTOMER (C_ID,C_EMAIL,C_ADDR,C_TEL_NO,C_NAME,SC_ID) values ('1003','Taylor Swift','2A, 3rd Ave, Charlotte, NC - 28134','lovestory@gmail.com ','8179827199','S0002');
Insert into SGSHETTY.CUSTOMER (C_ID,C_EMAIL,C_ADDR,C_TEL_NO,C_NAME,SC_ID) values ('1004','Serena Williams','90, Gorman St, Charlotte, NC - 28201 ','venus@gmail.com ','8714791879','S0002');
REM INSERTING into SGSHETTY.DISTRIBUTOR
SET DEFINE OFF;
Insert into SGSHETTY.DISTRIBUTOR (D_ID,D_NAME,D_ADDR) values ('D0001','D1','N/A');
Insert into SGSHETTY.DISTRIBUTOR (D_ID,D_NAME,D_ADDR) values ('D0002','D1','N/A');
REM INSERTING into SGSHETTY.EMPLOYEE
SET DEFINE OFF;
Insert into SGSHETTY.EMPLOYEE (E_ID,E_NAME,E_EMAIL,SC_ID,E_ADDRESS,E_TEL_NO,E_ROLE,START_DATE,COMPENSATION) values ('950932130.0','Larry Cohen','lacohen@acme.com','S0001','1797 Henry street, Raleigh, NC 27606','Manager','3169785494.0',to_date('15-AUG-16','DD-MON-RR'),11000);
Insert into SGSHETTY.EMPLOYEE (E_ID,E_NAME,E_EMAIL,SC_ID,E_ADDRESS,E_TEL_NO,E_ROLE,START_DATE,COMPENSATION) values ('634622236.0','Willis Martin','wimartin@acme.com','S0001','465 Aviation way, Raleigh,NC 27601','Receptionist','2139882011.0',to_date('04-DEC-17','DD-MON-RR'),8000);
Insert into SGSHETTY.EMPLOYEE (E_ID,E_NAME,E_EMAIL,SC_ID,E_ADDRESS,E_TEL_NO,E_ROLE,START_DATE,COMPENSATION) values ('557279280.0','Jacob Gloss','galoss@acme.com','S0001','2014 leverton cove road, Raleigh, NC 27560','Mechanic','4133359523.0',to_date('29-JUL-18','DD-MON-RR'),30);
Insert into SGSHETTY.EMPLOYEE (E_ID,E_NAME,E_EMAIL,SC_ID,E_ADDRESS,E_TEL_NO,E_ROLE,START_DATE,COMPENSATION) values ('183683346.0','Anthony Freeman','anfreeman@acme.com','S0001','1188 Summit street, Raleigh, NC 27627','Mechanic','5634967912.0',to_date('09-FEB-15','DD-MON-RR'),40);
Insert into SGSHETTY.EMPLOYEE (E_ID,E_NAME,E_EMAIL,SC_ID,E_ADDRESS,E_TEL_NO,E_ROLE,START_DATE,COMPENSATION) values ('557279281.0','Eric Fowler','erfowler@acme.com','S0001','1114 Fincham Road, Raleigh, NC 27545','Mechanic','7604579846.0',to_date('01-MAY-16','DD-MON-RR'),35);
Insert into SGSHETTY.EMPLOYEE (E_ID,E_NAME,E_EMAIL,SC_ID,E_ADDRESS,E_TEL_NO,E_ROLE,START_DATE,COMPENSATION) values ('557279282.0','Roland Richmand','rorichmond@acme.com','S0001','1951 Little Acres Lane, Raleigh, NC 27513 ','Mechanic','829843373.0',to_date('28-DEC-17','DD-MON-RR'),30);
Insert into SGSHETTY.EMPLOYEE (E_ID,E_NAME,E_EMAIL,SC_ID,E_ADDRESS,E_TEL_NO,E_ROLE,START_DATE,COMPENSATION) values ('557279283.0','Peter Fitzpatrick','pefitzpatrick@acme.com','S0001','4738 Buckhannan Avenue, Raleigh, NC 27625 ','Mechanic','3154851152.0',to_date('12-APR-17','DD-MON-RR'),34);
Insert into SGSHETTY.EMPLOYEE (E_ID,E_NAME,E_EMAIL,SC_ID,E_ADDRESS,E_TEL_NO,E_ROLE,START_DATE,COMPENSATION) values ('291056276.0','Roderick Phillips','rophillips@acme.com','S0002','1133 Burton Avenue, Charlotte, NC 28201 ','Manager','9017770492.0',to_date('15-APR-17','DD-MON-RR'),12000);
Insert into SGSHETTY.EMPLOYEE (E_ID,E_NAME,E_EMAIL,SC_ID,E_ADDRESS,E_TEL_NO,E_ROLE,START_DATE,COMPENSATION) values ('911639633.0','Dena Holmes','deholmes@acme.com','S0002','1382 Whispering Pines Circle, Charlotte, NC 28205 ','Receptionist','9723533691.0',to_date('04-JAN-10','DD-MON-RR'),9000);
Insert into SGSHETTY.EMPLOYEE (E_ID,E_NAME,E_EMAIL,SC_ID,E_ADDRESS,E_TEL_NO,E_ROLE,START_DATE,COMPENSATION) values ('590424694.0','Dustin Esparza','duesparza@acme.com','S0002','3510 Hemlock Lane, Charlotte, NC 28202','Mechanic','9564440948.0',to_date('26-JAN-17','DD-MON-RR'),35);
Insert into SGSHETTY.EMPLOYEE (E_ID,E_NAME,E_EMAIL,SC_ID,E_ADDRESS,E_TEL_NO,E_ROLE,START_DATE,COMPENSATION) values ('401671897.0','Charles Pudilo','chpudilo@acme.com','S0002','196 Park Boulevard, Charlotte, NC 28222 ','Mechanic','6417529403.0',to_date('06-JUL-16','DD-MON-RR'),40);
Insert into SGSHETTY.EMPLOYEE (E_ID,E_NAME,E_EMAIL,SC_ID,E_ADDRESS,E_TEL_NO,E_ROLE,START_DATE,COMPENSATION) values ('310773348.0','James Rivera','jarivera@acme.com','S0002','908 Alpha Avenue, Charlotte, NC 28130 ','Mechanic','9039671809.0',to_date('29-OCT-13','DD-MON-RR'),40);
Insert into SGSHETTY.EMPLOYEE (E_ID,E_NAME,E_EMAIL,SC_ID,E_ADDRESS,E_TEL_NO,E_ROLE,START_DATE,COMPENSATION) values ('983204784.0','Willis Morton','wimorton@acme.com','S0002','404 Tenmile, Charlotte, NC 28134 ','Mechanic','7578866330.0',to_date('13-OCT-18','DD-MON-RR'),30);
Insert into SGSHETTY.EMPLOYEE (E_ID,E_NAME,E_EMAIL,SC_ID,E_ADDRESS,E_TEL_NO,E_ROLE,START_DATE,COMPENSATION) values ('187658163.0','Rickie Henderson','rihenderson@acme.com','S0002','1963 Chenoweth Drive, Charlotte, NC 28228 ','Mechanic','9315391294.0',to_date('29-MAR-17','DD-MON-RR'),30);
REM INSERTING into SGSHETTY.FAULTS
SET DEFINE OFF;
Insert into SGSHETTY.FAULTS (F_ID,BASIC_FID,BASIC_TASKID) values ('F001','BF001','BT008');
Insert into SGSHETTY.FAULTS (F_ID,BASIC_FID,BASIC_TASKID) values ('F002','BF001','BT015');
Insert into SGSHETTY.FAULTS (F_ID,BASIC_FID,BASIC_TASKID) values ('F003','BF001','BT005');
Insert into SGSHETTY.FAULTS (F_ID,BASIC_FID,BASIC_TASKID) values ('F004','BF001','BT019');
Insert into SGSHETTY.FAULTS (F_ID,BASIC_FID,BASIC_TASKID) values ('F005','BF002','BT020');
Insert into SGSHETTY.FAULTS (F_ID,BASIC_FID,BASIC_TASKID) values ('F006','BF003','BT002');
Insert into SGSHETTY.FAULTS (F_ID,BASIC_FID,BASIC_TASKID) values ('F007','BF004','BT001');
Insert into SGSHETTY.FAULTS (F_ID,BASIC_FID,BASIC_TASKID) values ('F008','BF004','BT012');
Insert into SGSHETTY.FAULTS (F_ID,BASIC_FID,BASIC_TASKID) values ('F009','BF004','BT006');
Insert into SGSHETTY.FAULTS (F_ID,BASIC_FID,BASIC_TASKID) values ('F010','BF004','BT005');
Insert into SGSHETTY.FAULTS (F_ID,BASIC_FID,BASIC_TASKID) values ('F011','BF005','BT008');
Insert into SGSHETTY.FAULTS (F_ID,BASIC_FID,BASIC_TASKID) values ('F012','BF005','BT007');
Insert into SGSHETTY.FAULTS (F_ID,BASIC_FID,BASIC_TASKID) values ('F013','BF005','BT002');
Insert into SGSHETTY.FAULTS (F_ID,BASIC_FID,BASIC_TASKID) values ('F014','BF006','BT011');
Insert into SGSHETTY.FAULTS (F_ID,BASIC_FID,BASIC_TASKID) values ('F015','BF006','BT017');
Insert into SGSHETTY.FAULTS (F_ID,BASIC_FID,BASIC_TASKID) values ('F016','BF006','BT018');
Insert into SGSHETTY.FAULTS (F_ID,BASIC_FID,BASIC_TASKID) values ('F017','BF007','BT013');
Insert into SGSHETTY.FAULTS (F_ID,BASIC_FID,BASIC_TASKID) values ('F018','BF007','BT010');
Insert into SGSHETTY.FAULTS (F_ID,BASIC_FID,BASIC_TASKID) values ('F019','BF007','BT005');
Insert into SGSHETTY.FAULTS (F_ID,BASIC_FID,BASIC_TASKID) values ('F020','BF007','BT019');
REM INSERTING into SGSHETTY.INVENTORY
SET DEFINE OFF;
Insert into SGSHETTY.INVENTORY (I_ID,SC_ID,P_ID,QUANTITY,THRESHOLD_QUANTITY,MIN_ORDER) values ('I001','S0001','P001',13,2,5);
Insert into SGSHETTY.INVENTORY (I_ID,SC_ID,P_ID,QUANTITY,THRESHOLD_QUANTITY,MIN_ORDER) values ('I002','S0001','P002',18,5,7);
Insert into SGSHETTY.INVENTORY (I_ID,SC_ID,P_ID,QUANTITY,THRESHOLD_QUANTITY,MIN_ORDER) values ('I003','S0001','P003',10,2,5);
Insert into SGSHETTY.INVENTORY (I_ID,SC_ID,P_ID,QUANTITY,THRESHOLD_QUANTITY,MIN_ORDER) values ('I004','S0001','P004',4,4,6);
Insert into SGSHETTY.INVENTORY (I_ID,SC_ID,P_ID,QUANTITY,THRESHOLD_QUANTITY,MIN_ORDER) values ('I005','S0001','P005',18,4,3);
Insert into SGSHETTY.INVENTORY (I_ID,SC_ID,P_ID,QUANTITY,THRESHOLD_QUANTITY,MIN_ORDER) values ('I006','S0001','P006',12,2,5);
Insert into SGSHETTY.INVENTORY (I_ID,SC_ID,P_ID,QUANTITY,THRESHOLD_QUANTITY,MIN_ORDER) values ('I007','S0001','P007',11,1,5);
Insert into SGSHETTY.INVENTORY (I_ID,SC_ID,P_ID,QUANTITY,THRESHOLD_QUANTITY,MIN_ORDER) values ('I008','S0001','P008',13,2,4);
Insert into SGSHETTY.INVENTORY (I_ID,SC_ID,P_ID,QUANTITY,THRESHOLD_QUANTITY,MIN_ORDER) values ('I009','S0001','P009',15,3,5);
Insert into SGSHETTY.INVENTORY (I_ID,SC_ID,P_ID,QUANTITY,THRESHOLD_QUANTITY,MIN_ORDER) values ('I010','S0001','P010',5,5,5);
Insert into SGSHETTY.INVENTORY (I_ID,SC_ID,P_ID,QUANTITY,THRESHOLD_QUANTITY,MIN_ORDER) values ('I011','S0001','P011',8,3,5);
Insert into SGSHETTY.INVENTORY (I_ID,SC_ID,P_ID,QUANTITY,THRESHOLD_QUANTITY,MIN_ORDER) values ('I012','S0001','P012',2,1,8);
Insert into SGSHETTY.INVENTORY (I_ID,SC_ID,P_ID,QUANTITY,THRESHOLD_QUANTITY,MIN_ORDER) values ('I013','S0001','P013',1,1,4);
Insert into SGSHETTY.INVENTORY (I_ID,SC_ID,P_ID,QUANTITY,THRESHOLD_QUANTITY,MIN_ORDER) values ('I014','S0001','P014',15,4,2);
Insert into SGSHETTY.INVENTORY (I_ID,SC_ID,P_ID,QUANTITY,THRESHOLD_QUANTITY,MIN_ORDER) values ('I015','S0001','P015',2,1,5);
Insert into SGSHETTY.INVENTORY (I_ID,SC_ID,P_ID,QUANTITY,THRESHOLD_QUANTITY,MIN_ORDER) values ('I016','S0001','P016',15,4,5);
Insert into SGSHETTY.INVENTORY (I_ID,SC_ID,P_ID,QUANTITY,THRESHOLD_QUANTITY,MIN_ORDER) values ('I017','S0001','P017',3,1,5);
Insert into SGSHETTY.INVENTORY (I_ID,SC_ID,P_ID,QUANTITY,THRESHOLD_QUANTITY,MIN_ORDER) values ('I018','S0001','P018',12,7,5);
Insert into SGSHETTY.INVENTORY (I_ID,SC_ID,P_ID,QUANTITY,THRESHOLD_QUANTITY,MIN_ORDER) values ('I019','S0001','P019',12,5,5);
Insert into SGSHETTY.INVENTORY (I_ID,SC_ID,P_ID,QUANTITY,THRESHOLD_QUANTITY,MIN_ORDER) values ('I020','S0001','P020',43,20,5);
Insert into SGSHETTY.INVENTORY (I_ID,SC_ID,P_ID,QUANTITY,THRESHOLD_QUANTITY,MIN_ORDER) values ('I021','S0001','P021',8,5,7);
Insert into SGSHETTY.INVENTORY (I_ID,SC_ID,P_ID,QUANTITY,THRESHOLD_QUANTITY,MIN_ORDER) values ('I022','S0001','P022',20,20,5);
Insert into SGSHETTY.INVENTORY (I_ID,SC_ID,P_ID,QUANTITY,THRESHOLD_QUANTITY,MIN_ORDER) values ('I023','S0001','P023',14,4,6);
Insert into SGSHETTY.INVENTORY (I_ID,SC_ID,P_ID,QUANTITY,THRESHOLD_QUANTITY,MIN_ORDER) values ('I024','S0001','P024',8,4,3);
Insert into SGSHETTY.INVENTORY (I_ID,SC_ID,P_ID,QUANTITY,THRESHOLD_QUANTITY,MIN_ORDER) values ('I025','S0001','P025',22,20,5);
Insert into SGSHETTY.INVENTORY (I_ID,SC_ID,P_ID,QUANTITY,THRESHOLD_QUANTITY,MIN_ORDER) values ('I026','S0001','P026',31,10,5);
Insert into SGSHETTY.INVENTORY (I_ID,SC_ID,P_ID,QUANTITY,THRESHOLD_QUANTITY,MIN_ORDER) values ('I027','S0001','P027',23,23,4);
Insert into SGSHETTY.INVENTORY (I_ID,SC_ID,P_ID,QUANTITY,THRESHOLD_QUANTITY,MIN_ORDER) values ('I028','S0001','P028',35,30,5);
Insert into SGSHETTY.INVENTORY (I_ID,SC_ID,P_ID,QUANTITY,THRESHOLD_QUANTITY,MIN_ORDER) values ('I029','S0001','P029',15,5,5);
Insert into SGSHETTY.INVENTORY (I_ID,SC_ID,P_ID,QUANTITY,THRESHOLD_QUANTITY,MIN_ORDER) values ('I030','S0001','P030',18,3,5);
Insert into SGSHETTY.INVENTORY (I_ID,SC_ID,P_ID,QUANTITY,THRESHOLD_QUANTITY,MIN_ORDER) values ('I031','S0001','P031',12,10,8);
Insert into SGSHETTY.INVENTORY (I_ID,SC_ID,P_ID,QUANTITY,THRESHOLD_QUANTITY,MIN_ORDER) values ('I032','S0001','P032',11,4,4);
Insert into SGSHETTY.INVENTORY (I_ID,SC_ID,P_ID,QUANTITY,THRESHOLD_QUANTITY,MIN_ORDER) values ('I033','S0001','P033',55,48,2);
Insert into SGSHETTY.INVENTORY (I_ID,SC_ID,P_ID,QUANTITY,THRESHOLD_QUANTITY,MIN_ORDER) values ('I034','S0001','P034',12,7,5);
Insert into SGSHETTY.INVENTORY (I_ID,SC_ID,P_ID,QUANTITY,THRESHOLD_QUANTITY,MIN_ORDER) values ('I035','S0001','P035',45,42,5);
Insert into SGSHETTY.INVENTORY (I_ID,SC_ID,P_ID,QUANTITY,THRESHOLD_QUANTITY,MIN_ORDER) values ('I036','S0001','P036',13,11,5);
Insert into SGSHETTY.INVENTORY (I_ID,SC_ID,P_ID,QUANTITY,THRESHOLD_QUANTITY,MIN_ORDER) values ('I037','S0001','P037',12,7,5);
Insert into SGSHETTY.INVENTORY (I_ID,SC_ID,P_ID,QUANTITY,THRESHOLD_QUANTITY,MIN_ORDER) values ('I038','S0001','P038',12,5,5);
Insert into SGSHETTY.INVENTORY (I_ID,SC_ID,P_ID,QUANTITY,THRESHOLD_QUANTITY,MIN_ORDER) values ('I039','S0001','P039',33,20,5);
Insert into SGSHETTY.INVENTORY (I_ID,SC_ID,P_ID,QUANTITY,THRESHOLD_QUANTITY,MIN_ORDER) values ('I040','S0001','P040',38,5,7);
Insert into SGSHETTY.INVENTORY (I_ID,SC_ID,P_ID,QUANTITY,THRESHOLD_QUANTITY,MIN_ORDER) values ('I041','S0001','P041',30,20,5);
Insert into SGSHETTY.INVENTORY (I_ID,SC_ID,P_ID,QUANTITY,THRESHOLD_QUANTITY,MIN_ORDER) values ('I042','S0001','P042',34,4,6);
Insert into SGSHETTY.INVENTORY (I_ID,SC_ID,P_ID,QUANTITY,THRESHOLD_QUANTITY,MIN_ORDER) values ('I043','S0001','P043',38,4,3);
Insert into SGSHETTY.INVENTORY (I_ID,SC_ID,P_ID,QUANTITY,THRESHOLD_QUANTITY,MIN_ORDER) values ('I044','S0001','P044',32,20,5);
Insert into SGSHETTY.INVENTORY (I_ID,SC_ID,P_ID,QUANTITY,THRESHOLD_QUANTITY,MIN_ORDER) values ('I045','S0001','P045',31,10,5);
Insert into SGSHETTY.INVENTORY (I_ID,SC_ID,P_ID,QUANTITY,THRESHOLD_QUANTITY,MIN_ORDER) values ('I046','S0001','P046',33,23,4);
Insert into SGSHETTY.INVENTORY (I_ID,SC_ID,P_ID,QUANTITY,THRESHOLD_QUANTITY,MIN_ORDER) values ('I047','S0001','P047',35,30,5);
Insert into SGSHETTY.INVENTORY (I_ID,SC_ID,P_ID,QUANTITY,THRESHOLD_QUANTITY,MIN_ORDER) values ('I048','S0001','P048',35,5,5);
Insert into SGSHETTY.INVENTORY (I_ID,SC_ID,P_ID,QUANTITY,THRESHOLD_QUANTITY,MIN_ORDER) values ('I049','S0001','P049',38,3,5);
Insert into SGSHETTY.INVENTORY (I_ID,SC_ID,P_ID,QUANTITY,THRESHOLD_QUANTITY,MIN_ORDER) values ('I050','S0001','P050',32,10,8);
Insert into SGSHETTY.INVENTORY (I_ID,SC_ID,P_ID,QUANTITY,THRESHOLD_QUANTITY,MIN_ORDER) values ('I051','S0001','P051',31,4,4);
Insert into SGSHETTY.INVENTORY (I_ID,SC_ID,P_ID,QUANTITY,THRESHOLD_QUANTITY,MIN_ORDER) values ('I052','S0001','P052',35,18,2);
Insert into SGSHETTY.INVENTORY (I_ID,SC_ID,P_ID,QUANTITY,THRESHOLD_QUANTITY,MIN_ORDER) values ('I053','S0001','P053',32,7,5);
Insert into SGSHETTY.INVENTORY (I_ID,SC_ID,P_ID,QUANTITY,THRESHOLD_QUANTITY,MIN_ORDER) values ('I054','S0001','P054',35,12,5);
Insert into SGSHETTY.INVENTORY (I_ID,SC_ID,P_ID,QUANTITY,THRESHOLD_QUANTITY,MIN_ORDER) values ('I055','S0001','P055',33,11,5);
Insert into SGSHETTY.INVENTORY (I_ID,SC_ID,P_ID,QUANTITY,THRESHOLD_QUANTITY,MIN_ORDER) values ('I056','S0001','P056',32,7,5);
Insert into SGSHETTY.INVENTORY (I_ID,SC_ID,P_ID,QUANTITY,THRESHOLD_QUANTITY,MIN_ORDER) values ('I057','S0001','P057',12,5,5);
Insert into SGSHETTY.INVENTORY (I_ID,SC_ID,P_ID,QUANTITY,THRESHOLD_QUANTITY,MIN_ORDER) values ('I058','S0002','P001',26,5,6);
Insert into SGSHETTY.INVENTORY (I_ID,SC_ID,P_ID,QUANTITY,THRESHOLD_QUANTITY,MIN_ORDER) values ('I059','S0002','P002',27,6,10);
Insert into SGSHETTY.INVENTORY (I_ID,SC_ID,P_ID,QUANTITY,THRESHOLD_QUANTITY,MIN_ORDER) values ('I060','S0002','P003',24,2,3);
Insert into SGSHETTY.INVENTORY (I_ID,SC_ID,P_ID,QUANTITY,THRESHOLD_QUANTITY,MIN_ORDER) values ('I061','S0002','P004',25,3,3);
Insert into SGSHETTY.INVENTORY (I_ID,SC_ID,P_ID,QUANTITY,THRESHOLD_QUANTITY,MIN_ORDER) values ('I062','S0002','P005',20,3,5);
Insert into SGSHETTY.INVENTORY (I_ID,SC_ID,P_ID,QUANTITY,THRESHOLD_QUANTITY,MIN_ORDER) values ('I063','S0002','P006',22,2,6);
Insert into SGSHETTY.INVENTORY (I_ID,SC_ID,P_ID,QUANTITY,THRESHOLD_QUANTITY,MIN_ORDER) values ('I064','S0002','P007',29,4,5);
Insert into SGSHETTY.INVENTORY (I_ID,SC_ID,P_ID,QUANTITY,THRESHOLD_QUANTITY,MIN_ORDER) values ('I065','S0002','P008',21,2,4);
Insert into SGSHETTY.INVENTORY (I_ID,SC_ID,P_ID,QUANTITY,THRESHOLD_QUANTITY,MIN_ORDER) values ('I066','S0002','P009',20,3,4);
Insert into SGSHETTY.INVENTORY (I_ID,SC_ID,P_ID,QUANTITY,THRESHOLD_QUANTITY,MIN_ORDER) values ('I067','S0002','P010',26,20,5);
Insert into SGSHETTY.INVENTORY (I_ID,SC_ID,P_ID,QUANTITY,THRESHOLD_QUANTITY,MIN_ORDER) values ('I068','S0002','P011',20,7,5);
Insert into SGSHETTY.INVENTORY (I_ID,SC_ID,P_ID,QUANTITY,THRESHOLD_QUANTITY,MIN_ORDER) values ('I069','S0002','P012',28,6,3);
Insert into SGSHETTY.INVENTORY (I_ID,SC_ID,P_ID,QUANTITY,THRESHOLD_QUANTITY,MIN_ORDER) values ('I070','S0002','P013',21,4,5);
Insert into SGSHETTY.INVENTORY (I_ID,SC_ID,P_ID,QUANTITY,THRESHOLD_QUANTITY,MIN_ORDER) values ('I071','S0002','P014',21,3,5);
Insert into SGSHETTY.INVENTORY (I_ID,SC_ID,P_ID,QUANTITY,THRESHOLD_QUANTITY,MIN_ORDER) values ('I072','S0002','P015',27,6,4);
Insert into SGSHETTY.INVENTORY (I_ID,SC_ID,P_ID,QUANTITY,THRESHOLD_QUANTITY,MIN_ORDER) values ('I073','S0002','P016',20,2,4);
Insert into SGSHETTY.INVENTORY (I_ID,SC_ID,P_ID,QUANTITY,THRESHOLD_QUANTITY,MIN_ORDER) values ('I074','S0002','P017',25,6,6);
Insert into SGSHETTY.INVENTORY (I_ID,SC_ID,P_ID,QUANTITY,THRESHOLD_QUANTITY,MIN_ORDER) values ('I075','S0002','P018',11,3,6);
Insert into SGSHETTY.INVENTORY (I_ID,SC_ID,P_ID,QUANTITY,THRESHOLD_QUANTITY,MIN_ORDER) values ('I076','S0002','P019',16,13,5);
Insert into SGSHETTY.INVENTORY (I_ID,SC_ID,P_ID,QUANTITY,THRESHOLD_QUANTITY,MIN_ORDER) values ('I077','S0002','P020',46,35,6);
Insert into SGSHETTY.INVENTORY (I_ID,SC_ID,P_ID,QUANTITY,THRESHOLD_QUANTITY,MIN_ORDER) values ('I078','S0002','P021',7,6,10);
Insert into SGSHETTY.INVENTORY (I_ID,SC_ID,P_ID,QUANTITY,THRESHOLD_QUANTITY,MIN_ORDER) values ('I079','S0002','P022',64,52,3);
Insert into SGSHETTY.INVENTORY (I_ID,SC_ID,P_ID,QUANTITY,THRESHOLD_QUANTITY,MIN_ORDER) values ('I080','S0002','P023',15,3,3);
Insert into SGSHETTY.INVENTORY (I_ID,SC_ID,P_ID,QUANTITY,THRESHOLD_QUANTITY,MIN_ORDER) values ('I081','S0002','P024',20,3,5);
Insert into SGSHETTY.INVENTORY (I_ID,SC_ID,P_ID,QUANTITY,THRESHOLD_QUANTITY,MIN_ORDER) values ('I082','S0002','P025',42,42,6);
Insert into SGSHETTY.INVENTORY (I_ID,SC_ID,P_ID,QUANTITY,THRESHOLD_QUANTITY,MIN_ORDER) values ('I083','S0002','P026',29,24,5);
Insert into SGSHETTY.INVENTORY (I_ID,SC_ID,P_ID,QUANTITY,THRESHOLD_QUANTITY,MIN_ORDER) values ('I084','S0002','P027',21,12,4);
Insert into SGSHETTY.INVENTORY (I_ID,SC_ID,P_ID,QUANTITY,THRESHOLD_QUANTITY,MIN_ORDER) values ('I085','S0002','P028',30,23,4);
Insert into SGSHETTY.INVENTORY (I_ID,SC_ID,P_ID,QUANTITY,THRESHOLD_QUANTITY,MIN_ORDER) values ('I086','S0002','P029',26,10,5);
Insert into SGSHETTY.INVENTORY (I_ID,SC_ID,P_ID,QUANTITY,THRESHOLD_QUANTITY,MIN_ORDER) values ('I087','S0002','P030',70,7,5);
Insert into SGSHETTY.INVENTORY (I_ID,SC_ID,P_ID,QUANTITY,THRESHOLD_QUANTITY,MIN_ORDER) values ('I088','S0002','P031',8,6,3);
Insert into SGSHETTY.INVENTORY (I_ID,SC_ID,P_ID,QUANTITY,THRESHOLD_QUANTITY,MIN_ORDER) values ('I089','S0002','P032',31,24,5);
Insert into SGSHETTY.INVENTORY (I_ID,SC_ID,P_ID,QUANTITY,THRESHOLD_QUANTITY,MIN_ORDER) values ('I090','S0002','P033',81,73,5);
Insert into SGSHETTY.INVENTORY (I_ID,SC_ID,P_ID,QUANTITY,THRESHOLD_QUANTITY,MIN_ORDER) values ('I091','S0002','P034',17,6,4);
Insert into SGSHETTY.INVENTORY (I_ID,SC_ID,P_ID,QUANTITY,THRESHOLD_QUANTITY,MIN_ORDER) values ('I092','S0002','P035',50,32,4);
Insert into SGSHETTY.INVENTORY (I_ID,SC_ID,P_ID,QUANTITY,THRESHOLD_QUANTITY,MIN_ORDER) values ('I093','S0002','P036',15,6,6);
Insert into SGSHETTY.INVENTORY (I_ID,SC_ID,P_ID,QUANTITY,THRESHOLD_QUANTITY,MIN_ORDER) values ('I094','S0002','P037',11,3,6);
Insert into SGSHETTY.INVENTORY (I_ID,SC_ID,P_ID,QUANTITY,THRESHOLD_QUANTITY,MIN_ORDER) values ('I095','S0002','P038',16,13,5);
Insert into SGSHETTY.INVENTORY (I_ID,SC_ID,P_ID,QUANTITY,THRESHOLD_QUANTITY,MIN_ORDER) values ('I096','S0002','P039',16,5,6);
Insert into SGSHETTY.INVENTORY (I_ID,SC_ID,P_ID,QUANTITY,THRESHOLD_QUANTITY,MIN_ORDER) values ('I097','S0002','P040',17,6,10);
Insert into SGSHETTY.INVENTORY (I_ID,SC_ID,P_ID,QUANTITY,THRESHOLD_QUANTITY,MIN_ORDER) values ('I098','S0002','P041',14,5,3);
Insert into SGSHETTY.INVENTORY (I_ID,SC_ID,P_ID,QUANTITY,THRESHOLD_QUANTITY,MIN_ORDER) values ('I099','S0002','P042',15,3,3);
Insert into SGSHETTY.INVENTORY (I_ID,SC_ID,P_ID,QUANTITY,THRESHOLD_QUANTITY,MIN_ORDER) values ('I100','S0002','P043',10,3,5);
Insert into SGSHETTY.INVENTORY (I_ID,SC_ID,P_ID,QUANTITY,THRESHOLD_QUANTITY,MIN_ORDER) values ('I101','S0002','P044',12,4,6);
Insert into SGSHETTY.INVENTORY (I_ID,SC_ID,P_ID,QUANTITY,THRESHOLD_QUANTITY,MIN_ORDER) values ('I102','S0002','P045',19,4,5);
Insert into SGSHETTY.INVENTORY (I_ID,SC_ID,P_ID,QUANTITY,THRESHOLD_QUANTITY,MIN_ORDER) values ('I103','S0002','P046',11,2,4);
Insert into SGSHETTY.INVENTORY (I_ID,SC_ID,P_ID,QUANTITY,THRESHOLD_QUANTITY,MIN_ORDER) values ('I104','S0002','P047',10,3,4);
Insert into SGSHETTY.INVENTORY (I_ID,SC_ID,P_ID,QUANTITY,THRESHOLD_QUANTITY,MIN_ORDER) values ('I105','S0002','P048',16,10,5);
Insert into SGSHETTY.INVENTORY (I_ID,SC_ID,P_ID,QUANTITY,THRESHOLD_QUANTITY,MIN_ORDER) values ('I106','S0002','P049',10,7,5);
Insert into SGSHETTY.INVENTORY (I_ID,SC_ID,P_ID,QUANTITY,THRESHOLD_QUANTITY,MIN_ORDER) values ('I107','S0002','P050',18,6,3);
Insert into SGSHETTY.INVENTORY (I_ID,SC_ID,P_ID,QUANTITY,THRESHOLD_QUANTITY,MIN_ORDER) values ('I108','S0002','P051',11,4,5);
Insert into SGSHETTY.INVENTORY (I_ID,SC_ID,P_ID,QUANTITY,THRESHOLD_QUANTITY,MIN_ORDER) values ('I109','S0002','P052',11,7,5);
Insert into SGSHETTY.INVENTORY (I_ID,SC_ID,P_ID,QUANTITY,THRESHOLD_QUANTITY,MIN_ORDER) values ('I110','S0002','P053',17,6,4);
Insert into SGSHETTY.INVENTORY (I_ID,SC_ID,P_ID,QUANTITY,THRESHOLD_QUANTITY,MIN_ORDER) values ('I111','S0002','P054',10,2,4);
Insert into SGSHETTY.INVENTORY (I_ID,SC_ID,P_ID,QUANTITY,THRESHOLD_QUANTITY,MIN_ORDER) values ('I112','S0002','P055',15,6,6);
Insert into SGSHETTY.INVENTORY (I_ID,SC_ID,P_ID,QUANTITY,THRESHOLD_QUANTITY,MIN_ORDER) values ('I113','S0002','P056',11,3,6);
Insert into SGSHETTY.INVENTORY (I_ID,SC_ID,P_ID,QUANTITY,THRESHOLD_QUANTITY,MIN_ORDER) values ('I114','S0002','P057',16,13,5);
REM INSERTING into SGSHETTY.MAINTENANCE
SET DEFINE OFF;
Insert into SGSHETTY.MAINTENANCE (M_ID,TYPE,BASIC_TASKID,MAKE,MODEL,MILEAGE) values ('M001','A','BT009','Toyota','Corolla',5);
Insert into SGSHETTY.MAINTENANCE (M_ID,TYPE,BASIC_TASKID,MAKE,MODEL,MILEAGE) values ('M002','A','BT007','Toyota','Corolla',5);
Insert into SGSHETTY.MAINTENANCE (M_ID,TYPE,BASIC_TASKID,MAKE,MODEL,MILEAGE) values ('M003','B','BT001','Toyota','Corolla',25);
Insert into SGSHETTY.MAINTENANCE (M_ID,TYPE,BASIC_TASKID,MAKE,MODEL,MILEAGE) values ('M004','B','BT012','Toyota','Corolla',25);
Insert into SGSHETTY.MAINTENANCE (M_ID,TYPE,BASIC_TASKID,MAKE,MODEL,MILEAGE) values ('M005','B','BT003','Toyota','Corolla',25);
Insert into SGSHETTY.MAINTENANCE (M_ID,TYPE,BASIC_TASKID,MAKE,MODEL,MILEAGE) values ('M006','B','BT021','Toyota','Corolla',25);
Insert into SGSHETTY.MAINTENANCE (M_ID,TYPE,BASIC_TASKID,MAKE,MODEL,MILEAGE) values ('M007','B','BT015','Toyota','Corolla',25);
Insert into SGSHETTY.MAINTENANCE (M_ID,TYPE,BASIC_TASKID,MAKE,MODEL,MILEAGE) values ('M008','C','BT016','Toyota','Corolla',45);
Insert into SGSHETTY.MAINTENANCE (M_ID,TYPE,BASIC_TASKID,MAKE,MODEL,MILEAGE) values ('M009','C','BT004','Toyota','Corolla',45);
Insert into SGSHETTY.MAINTENANCE (M_ID,TYPE,BASIC_TASKID,MAKE,MODEL,MILEAGE) values ('M010','C','BT014','Toyota','Corolla',45);
Insert into SGSHETTY.MAINTENANCE (M_ID,TYPE,BASIC_TASKID,MAKE,MODEL,MILEAGE) values ('M011','A','BT009','Toyota','Prius',10);
Insert into SGSHETTY.MAINTENANCE (M_ID,TYPE,BASIC_TASKID,MAKE,MODEL,MILEAGE) values ('M012','A','BT012','Toyota','Prius',10);
Insert into SGSHETTY.MAINTENANCE (M_ID,TYPE,BASIC_TASKID,MAKE,MODEL,MILEAGE) values ('M013','A','BT007','Toyota','Prius',10);
Insert into SGSHETTY.MAINTENANCE (M_ID,TYPE,BASIC_TASKID,MAKE,MODEL,MILEAGE) values ('M014','B','BT001','Toyota','Prius',28);
Insert into SGSHETTY.MAINTENANCE (M_ID,TYPE,BASIC_TASKID,MAKE,MODEL,MILEAGE) values ('M015','B','BT003','Toyota','Prius',28);
Insert into SGSHETTY.MAINTENANCE (M_ID,TYPE,BASIC_TASKID,MAKE,MODEL,MILEAGE) values ('M016','B','BT021','Toyota','Prius',28);
Insert into SGSHETTY.MAINTENANCE (M_ID,TYPE,BASIC_TASKID,MAKE,MODEL,MILEAGE) values ('M017','B','BT015','Toyota','Prius',28);
Insert into SGSHETTY.MAINTENANCE (M_ID,TYPE,BASIC_TASKID,MAKE,MODEL,MILEAGE) values ('M018','B','BT002','Toyota','Prius',28);
Insert into SGSHETTY.MAINTENANCE (M_ID,TYPE,BASIC_TASKID,MAKE,MODEL,MILEAGE) values ('M019','C','BT016','Toyota','Prius',58);
Insert into SGSHETTY.MAINTENANCE (M_ID,TYPE,BASIC_TASKID,MAKE,MODEL,MILEAGE) values ('M020','C','BT004','Toyota','Prius',58);
Insert into SGSHETTY.MAINTENANCE (M_ID,TYPE,BASIC_TASKID,MAKE,MODEL,MILEAGE) values ('M021','C','BT014','Toyota','Prius',58);
Insert into SGSHETTY.MAINTENANCE (M_ID,TYPE,BASIC_TASKID,MAKE,MODEL,MILEAGE) values ('M022','A','BT009','Nissan','Altima',10);
Insert into SGSHETTY.MAINTENANCE (M_ID,TYPE,BASIC_TASKID,MAKE,MODEL,MILEAGE) values ('M023','A','BT001','Nissan','Altima',10);
Insert into SGSHETTY.MAINTENANCE (M_ID,TYPE,BASIC_TASKID,MAKE,MODEL,MILEAGE) values ('M024','A','BT012','Nissan','Altima',10);
Insert into SGSHETTY.MAINTENANCE (M_ID,TYPE,BASIC_TASKID,MAKE,MODEL,MILEAGE) values ('M025','A','BT007','Nissan','Altima',10);
Insert into SGSHETTY.MAINTENANCE (M_ID,TYPE,BASIC_TASKID,MAKE,MODEL,MILEAGE) values ('M026','B','BT003','Nissan','Altima',25);
Insert into SGSHETTY.MAINTENANCE (M_ID,TYPE,BASIC_TASKID,MAKE,MODEL,MILEAGE) values ('M027','B','BT021','Nissan','Altima',25);
Insert into SGSHETTY.MAINTENANCE (M_ID,TYPE,BASIC_TASKID,MAKE,MODEL,MILEAGE) values ('M028','C','BT016','Nissan','Altima',50);
Insert into SGSHETTY.MAINTENANCE (M_ID,TYPE,BASIC_TASKID,MAKE,MODEL,MILEAGE) values ('M029','C','BT004','Nissan','Altima',50);
Insert into SGSHETTY.MAINTENANCE (M_ID,TYPE,BASIC_TASKID,MAKE,MODEL,MILEAGE) values ('M030','C','BT014','Nissan','Altima',50);
Insert into SGSHETTY.MAINTENANCE (M_ID,TYPE,BASIC_TASKID,MAKE,MODEL,MILEAGE) values ('M031','C','BT015','Nissan','Altima',50);
Insert into SGSHETTY.MAINTENANCE (M_ID,TYPE,BASIC_TASKID,MAKE,MODEL,MILEAGE) values ('M032','A','BT009','Nissan','Rogue',10);
Insert into SGSHETTY.MAINTENANCE (M_ID,TYPE,BASIC_TASKID,MAKE,MODEL,MILEAGE) values ('M033','A','BT001','Nissan','Rogue',10);
Insert into SGSHETTY.MAINTENANCE (M_ID,TYPE,BASIC_TASKID,MAKE,MODEL,MILEAGE) values ('M034','A','BT014','Nissan','Rogue',10);
Insert into SGSHETTY.MAINTENANCE (M_ID,TYPE,BASIC_TASKID,MAKE,MODEL,MILEAGE) values ('M035','A','BT012','Nissan','Rogue',10);
Insert into SGSHETTY.MAINTENANCE (M_ID,TYPE,BASIC_TASKID,MAKE,MODEL,MILEAGE) values ('M036','A','BT003','Nissan','Rogue',10);
Insert into SGSHETTY.MAINTENANCE (M_ID,TYPE,BASIC_TASKID,MAKE,MODEL,MILEAGE) values ('M037','A','BT007','Nissan','Rogue',10);
Insert into SGSHETTY.MAINTENANCE (M_ID,TYPE,BASIC_TASKID,MAKE,MODEL,MILEAGE) values ('M038','B','BT016','Nissan','Rogue',37);
Insert into SGSHETTY.MAINTENANCE (M_ID,TYPE,BASIC_TASKID,MAKE,MODEL,MILEAGE) values ('M039','B','BT021','Nissan','Rogue',37);
Insert into SGSHETTY.MAINTENANCE (M_ID,TYPE,BASIC_TASKID,MAKE,MODEL,MILEAGE) values ('M040','B','BT015','Nissan','Rogue',37);
Insert into SGSHETTY.MAINTENANCE (M_ID,TYPE,BASIC_TASKID,MAKE,MODEL,MILEAGE) values ('M041','C','BT004','Nissan','Rogue',70);
Insert into SGSHETTY.MAINTENANCE (M_ID,TYPE,BASIC_TASKID,MAKE,MODEL,MILEAGE) values ('M042','C','BT002','Nissan','Rogue',70);
Insert into SGSHETTY.MAINTENANCE (M_ID,TYPE,BASIC_TASKID,MAKE,MODEL,MILEAGE) values ('M043','A','BT009','Honda','Accord',15);
Insert into SGSHETTY.MAINTENANCE (M_ID,TYPE,BASIC_TASKID,MAKE,MODEL,MILEAGE) values ('M044','A','BT001','Honda','Accord',15);
Insert into SGSHETTY.MAINTENANCE (M_ID,TYPE,BASIC_TASKID,MAKE,MODEL,MILEAGE) values ('M045','A','BT012','Honda','Accord',15);
Insert into SGSHETTY.MAINTENANCE (M_ID,TYPE,BASIC_TASKID,MAKE,MODEL,MILEAGE) values ('M046','A','BT007','Honda','Accord',15);
Insert into SGSHETTY.MAINTENANCE (M_ID,TYPE,BASIC_TASKID,MAKE,MODEL,MILEAGE) values ('M047','B','BT003','Honda','Accord',37);
Insert into SGSHETTY.MAINTENANCE (M_ID,TYPE,BASIC_TASKID,MAKE,MODEL,MILEAGE) values ('M048','B','BT021','Honda','Accord',37);
Insert into SGSHETTY.MAINTENANCE (M_ID,TYPE,BASIC_TASKID,MAKE,MODEL,MILEAGE) values ('M049','B','BT015','Honda','Accord',37);
Insert into SGSHETTY.MAINTENANCE (M_ID,TYPE,BASIC_TASKID,MAKE,MODEL,MILEAGE) values ('M050','C','BT016','Honda','Accord',67);
Insert into SGSHETTY.MAINTENANCE (M_ID,TYPE,BASIC_TASKID,MAKE,MODEL,MILEAGE) values ('M051','C','BT004','Honda','Accord',67);
Insert into SGSHETTY.MAINTENANCE (M_ID,TYPE,BASIC_TASKID,MAKE,MODEL,MILEAGE) values ('M052','C','BT014','Honda','Accord',67);
Insert into SGSHETTY.MAINTENANCE (M_ID,TYPE,BASIC_TASKID,MAKE,MODEL,MILEAGE) values ('M053','A','BT009','Honda','Civic',14);
Insert into SGSHETTY.MAINTENANCE (M_ID,TYPE,BASIC_TASKID,MAKE,MODEL,MILEAGE) values ('M054','A','BT003','Honda','Civic',14);
Insert into SGSHETTY.MAINTENANCE (M_ID,TYPE,BASIC_TASKID,MAKE,MODEL,MILEAGE) values ('M055','A','BT007','Honda','Civic',14);
Insert into SGSHETTY.MAINTENANCE (M_ID,TYPE,BASIC_TASKID,MAKE,MODEL,MILEAGE) values ('M056','B','BT001','Honda','Civic',29);
Insert into SGSHETTY.MAINTENANCE (M_ID,TYPE,BASIC_TASKID,MAKE,MODEL,MILEAGE) values ('M057','B','BT012','Honda','Civic',29);
Insert into SGSHETTY.MAINTENANCE (M_ID,TYPE,BASIC_TASKID,MAKE,MODEL,MILEAGE) values ('M058','B','BT004','Honda','Civic',29);
Insert into SGSHETTY.MAINTENANCE (M_ID,TYPE,BASIC_TASKID,MAKE,MODEL,MILEAGE) values ('M059','B','BT021','Honda','Civic',29);
Insert into SGSHETTY.MAINTENANCE (M_ID,TYPE,BASIC_TASKID,MAKE,MODEL,MILEAGE) values ('M060','B','BT015','Honda','Civic',29);
Insert into SGSHETTY.MAINTENANCE (M_ID,TYPE,BASIC_TASKID,MAKE,MODEL,MILEAGE) values ('M061','C','BT016','Honda','Civic',44);
Insert into SGSHETTY.MAINTENANCE (M_ID,TYPE,BASIC_TASKID,MAKE,MODEL,MILEAGE) values ('M062','C','BT014','Honda','Civic',44);
REM INSERTING into SGSHETTY.NOTIFICATION
SET DEFINE OFF;
Insert into SGSHETTY.NOTIFICATION (N_ID,SC_ID,NOTIF_DATE,MESSAGE) values ('N001','S0001',to_date('05-NOV-18','DD-MON-RR'),'5 Camshaft from D0001 delayed by 2 business days');
Insert into SGSHETTY.NOTIFICATION (N_ID,SC_ID,NOTIF_DATE,MESSAGE) values ('N002','S0002',to_date('11-AUG-17','DD-MON-RR'),'4 Coolant from D0002 delayed by 1 business day');
Insert into SGSHETTY.NOTIFICATION (N_ID,SC_ID,NOTIF_DATE,MESSAGE) values ('N003','S0001',to_date('18-JUN-14','DD-MON-RR'),'5 Battery from D0001 delayed by 3 business days');
REM INSERTING into SGSHETTY.ORDERS
SET DEFINE OFF;
Insert into SGSHETTY.ORDERS (ORDER_PLACEMENT_DATE,EXPECTED_DELIVERY_DATE,ACTUAL_DELIVERY_DATE,O_ID,ORIGIN_D_ID,ORIGIN_SC_ID,P_ID,DESTINATION_SC_ID,QUANTITY,O_STATE) values (to_timestamp('09-JUN-14 12.00.00.000000000 AM','DD-MON-RR HH.MI.SSXFF AM'),to_timestamp('13-JUN-14 12.00.00.000000000 AM','DD-MON-RR HH.MI.SSXFF AM'),to_timestamp('18-JUN-14 12.00.00.000000000 AM','DD-MON-RR HH.MI.SSXFF AM'),'O001','D0001',null,'P003','S0001',5,'Complete');
Insert into SGSHETTY.ORDERS (ORDER_PLACEMENT_DATE,EXPECTED_DELIVERY_DATE,ACTUAL_DELIVERY_DATE,O_ID,ORIGIN_D_ID,ORIGIN_SC_ID,P_ID,DESTINATION_SC_ID,QUANTITY,O_STATE) values (to_timestamp('16-SEP-15 12.00.00.000000000 AM','DD-MON-RR HH.MI.SSXFF AM'),to_timestamp('21-SEP-15 12.00.00.000000000 AM','DD-MON-RR HH.MI.SSXFF AM'),to_timestamp('21-SEP-15 12.00.00.000000000 AM','DD-MON-RR HH.MI.SSXFF AM'),'O002','D0002',null,'P038','S0001',5,'Complete');
Insert into SGSHETTY.ORDERS (ORDER_PLACEMENT_DATE,EXPECTED_DELIVERY_DATE,ACTUAL_DELIVERY_DATE,O_ID,ORIGIN_D_ID,ORIGIN_SC_ID,P_ID,DESTINATION_SC_ID,QUANTITY,O_STATE) values (to_timestamp('10-FEB-16 12.00.00.000000000 AM','DD-MON-RR HH.MI.SSXFF AM'),to_timestamp('11-FEB-16 12.00.00.000000000 AM','DD-MON-RR HH.MI.SSXFF AM'),to_timestamp('11-FEB-16 12.00.00.000000000 AM','DD-MON-RR HH.MI.SSXFF AM'),'O003',null,'S0001','P030','S0002',5,'Complete');
Insert into SGSHETTY.ORDERS (ORDER_PLACEMENT_DATE,EXPECTED_DELIVERY_DATE,ACTUAL_DELIVERY_DATE,O_ID,ORIGIN_D_ID,ORIGIN_SC_ID,P_ID,DESTINATION_SC_ID,QUANTITY,O_STATE) values (to_timestamp('09-AUG-17 12.00.00.000000000 AM','DD-MON-RR HH.MI.SSXFF AM'),to_timestamp('10-AUG-17 12.00.00.000000000 AM','DD-MON-RR HH.MI.SSXFF AM'),to_timestamp('11-AUG-17 12.00.00.000000000 AM','DD-MON-RR HH.MI.SSXFF AM'),'O004',null,'S0002','P046','S0001',4,'Complete');
Insert into SGSHETTY.ORDERS (ORDER_PLACEMENT_DATE,EXPECTED_DELIVERY_DATE,ACTUAL_DELIVERY_DATE,O_ID,ORIGIN_D_ID,ORIGIN_SC_ID,P_ID,DESTINATION_SC_ID,QUANTITY,O_STATE) values (to_timestamp('04-OCT-18 12.00.00.000000000 AM','DD-MON-RR HH.MI.SSXFF AM'),to_timestamp('05-OCT-18 12.00.00.000000000 AM','DD-MON-RR HH.MI.SSXFF AM'),to_timestamp('05-OCT-18 12.00.00.000000000 AM','DD-MON-RR HH.MI.SSXFF AM'),'O005',null,'S0001','P001','S0002',6,'Complete');
Insert into SGSHETTY.ORDERS (ORDER_PLACEMENT_DATE,EXPECTED_DELIVERY_DATE,ACTUAL_DELIVERY_DATE,O_ID,ORIGIN_D_ID,ORIGIN_SC_ID,P_ID,DESTINATION_SC_ID,QUANTITY,O_STATE) values (to_timestamp('26-OCT-18 12.00.00.000000000 AM','DD-MON-RR HH.MI.SSXFF AM'),to_timestamp('01-NOV-18 12.00.00.000000000 AM','DD-MON-RR HH.MI.SSXFF AM'),to_timestamp('05-NOV-18 12.00.00.000000000 AM','DD-MON-RR HH.MI.SSXFF AM'),'O006','D0001',null,'P057','S0001',5,'Complete');
Insert into SGSHETTY.ORDERS (ORDER_PLACEMENT_DATE,EXPECTED_DELIVERY_DATE,ACTUAL_DELIVERY_DATE,O_ID,ORIGIN_D_ID,ORIGIN_SC_ID,P_ID,DESTINATION_SC_ID,QUANTITY,O_STATE) values (to_timestamp('09-NOV-18 12.00.00.000000000 AM','DD-MON-RR HH.MI.SSXFF AM'),to_timestamp('14-NOV-18 12.00.00.000000000 AM','DD-MON-RR HH.MI.SSXFF AM'),null,'O007','D0002',null,'P038','S0002',7,'Pending');
Insert into SGSHETTY.ORDERS (ORDER_PLACEMENT_DATE,EXPECTED_DELIVERY_DATE,ACTUAL_DELIVERY_DATE,O_ID,ORIGIN_D_ID,ORIGIN_SC_ID,P_ID,DESTINATION_SC_ID,QUANTITY,O_STATE) values (to_timestamp('07-NOV-18 12.00.00.000000000 AM','DD-MON-RR HH.MI.SSXFF AM'),to_timestamp('14-NOV-18 12.00.00.000000000 AM','DD-MON-RR HH.MI.SSXFF AM'),null,'O008','D0001',null,'P021','S0002',12,'Pending');
Insert into SGSHETTY.ORDERS (ORDER_PLACEMENT_DATE,EXPECTED_DELIVERY_DATE,ACTUAL_DELIVERY_DATE,O_ID,ORIGIN_D_ID,ORIGIN_SC_ID,P_ID,DESTINATION_SC_ID,QUANTITY,O_STATE) values (to_timestamp('08-NOV-18 12.00.00.000000000 AM','DD-MON-RR HH.MI.SSXFF AM'),to_timestamp('14-NOV-18 12.00.00.000000000 AM','DD-MON-RR HH.MI.SSXFF AM'),null,'O009','D0001',null,'P025','S0002',6,'Pending');
Insert into SGSHETTY.ORDERS (ORDER_PLACEMENT_DATE,EXPECTED_DELIVERY_DATE,ACTUAL_DELIVERY_DATE,O_ID,ORIGIN_D_ID,ORIGIN_SC_ID,P_ID,DESTINATION_SC_ID,QUANTITY,O_STATE) values (to_timestamp('08-NOV-18 12.00.00.000000000 AM','DD-MON-RR HH.MI.SSXFF AM'),to_timestamp('14-NOV-18 12.00.00.000000000 AM','DD-MON-RR HH.MI.SSXFF AM'),null,'O010','D0001',null,'P032','S0002',5,'Pending');
Insert into SGSHETTY.ORDERS (ORDER_PLACEMENT_DATE,EXPECTED_DELIVERY_DATE,ACTUAL_DELIVERY_DATE,O_ID,ORIGIN_D_ID,ORIGIN_SC_ID,P_ID,DESTINATION_SC_ID,QUANTITY,O_STATE) values (to_timestamp('08-NOV-18 12.00.00.000000000 AM','DD-MON-RR HH.MI.SSXFF AM'),to_timestamp('14-NOV-18 12.00.00.000000000 AM','DD-MON-RR HH.MI.SSXFF AM'),null,'O011','D0002',null,'P023','S0002',5,'Pending');
REM INSERTING into SGSHETTY.PARTS
SET DEFINE OFF;
Insert into SGSHETTY.PARTS (P_ID,P_NAME,UNIT_PRICE,WARRANTY_MONTHS,MAKE) values ('P057','Wiper Fluid','31.0',null,'Nissan');
Insert into SGSHETTY.PARTS (P_ID,P_NAME,UNIT_PRICE,WARRANTY_MONTHS,MAKE) values ('P001','Air Filter','11.0',null,'Toyota');
Insert into SGSHETTY.PARTS (P_ID,P_NAME,UNIT_PRICE,WARRANTY_MONTHS,MAKE) values ('P002','Axel Road','123.0',2,'Toyota');
Insert into SGSHETTY.PARTS (P_ID,P_NAME,UNIT_PRICE,WARRANTY_MONTHS,MAKE) values ('P003','Battery','63.0',6,'Toyota');
Insert into SGSHETTY.PARTS (P_ID,P_NAME,UNIT_PRICE,WARRANTY_MONTHS,MAKE) values ('P004','Brake Fluid','24.0',null,'Toyota');
Insert into SGSHETTY.PARTS (P_ID,P_NAME,UNIT_PRICE,WARRANTY_MONTHS,MAKE) values ('P005','Brake Shoes','62.0',2,'Toyota');
Insert into SGSHETTY.PARTS (P_ID,P_NAME,UNIT_PRICE,WARRANTY_MONTHS,MAKE) values ('P006','Camshaft','1428.0',3,'Toyota');
Insert into SGSHETTY.PARTS (P_ID,P_NAME,UNIT_PRICE,WARRANTY_MONTHS,MAKE) values ('P007','Catalytic converter','801.0',1,'Toyota');
Insert into SGSHETTY.PARTS (P_ID,P_NAME,UNIT_PRICE,WARRANTY_MONTHS,MAKE) values ('P008','Coolant','63.0',null,'Toyota');
Insert into SGSHETTY.PARTS (P_ID,P_NAME,UNIT_PRICE,WARRANTY_MONTHS,MAKE) values ('P009','Drive belt','528.0',1,'Toyota');
Insert into SGSHETTY.PARTS (P_ID,P_NAME,UNIT_PRICE,WARRANTY_MONTHS,MAKE) values ('P010','Enginer oil','63.0',null,'Toyota');
Insert into SGSHETTY.PARTS (P_ID,P_NAME,UNIT_PRICE,WARRANTY_MONTHS,MAKE) values ('P011','Gears','523.0',1,'Toyota');
Insert into SGSHETTY.PARTS (P_ID,P_NAME,UNIT_PRICE,WARRANTY_MONTHS,MAKE) values ('P012','Light assembly','617.0',2,'Toyota');
Insert into SGSHETTY.PARTS (P_ID,P_NAME,UNIT_PRICE,WARRANTY_MONTHS,MAKE) values ('P013','Oil Filter','36.0',null,'Toyota');
Insert into SGSHETTY.PARTS (P_ID,P_NAME,UNIT_PRICE,WARRANTY_MONTHS,MAKE) values ('P014','Piston','1256.0',1,'Toyota');
Insert into SGSHETTY.PARTS (P_ID,P_NAME,UNIT_PRICE,WARRANTY_MONTHS,MAKE) values ('P015','Power Steering Fluid','17.0',null,'Toyota');
Insert into SGSHETTY.PARTS (P_ID,P_NAME,UNIT_PRICE,WARRANTY_MONTHS,MAKE) values ('P016','Spark plug','64.0',2,'Toyota');
Insert into SGSHETTY.PARTS (P_ID,P_NAME,UNIT_PRICE,WARRANTY_MONTHS,MAKE) values ('P017','Suspension fluid','70.0',null,'Toyota');
Insert into SGSHETTY.PARTS (P_ID,P_NAME,UNIT_PRICE,WARRANTY_MONTHS,MAKE) values ('P018','Valve','1338.0',1,'Toyota');
Insert into SGSHETTY.PARTS (P_ID,P_NAME,UNIT_PRICE,WARRANTY_MONTHS,MAKE) values ('P019','Wiper Fluid','28.0',null,'Toyota');
Insert into SGSHETTY.PARTS (P_ID,P_NAME,UNIT_PRICE,WARRANTY_MONTHS,MAKE) values ('P020','Air Filter','59.0',null,'Honda');
Insert into SGSHETTY.PARTS (P_ID,P_NAME,UNIT_PRICE,WARRANTY_MONTHS,MAKE) values ('P021','Axel Road','141.0',2,'Honda');
Insert into SGSHETTY.PARTS (P_ID,P_NAME,UNIT_PRICE,WARRANTY_MONTHS,MAKE) values ('P022','Battery','79.0',3,'Honda');
Insert into SGSHETTY.PARTS (P_ID,P_NAME,UNIT_PRICE,WARRANTY_MONTHS,MAKE) values ('P023','Brake Fluid','75.0',null,'Honda');
Insert into SGSHETTY.PARTS (P_ID,P_NAME,UNIT_PRICE,WARRANTY_MONTHS,MAKE) values ('P024','Brake Shoes','41.0',3,'Honda');
Insert into SGSHETTY.PARTS (P_ID,P_NAME,UNIT_PRICE,WARRANTY_MONTHS,MAKE) values ('P025','Camshaft','511.0',2,'Honda');
Insert into SGSHETTY.PARTS (P_ID,P_NAME,UNIT_PRICE,WARRANTY_MONTHS,MAKE) values ('P026','Catalytic converter','716.0',2,'Honda');
Insert into SGSHETTY.PARTS (P_ID,P_NAME,UNIT_PRICE,WARRANTY_MONTHS,MAKE) values ('P027','Coolant','10.0',null,'Honda');
Insert into SGSHETTY.PARTS (P_ID,P_NAME,UNIT_PRICE,WARRANTY_MONTHS,MAKE) values ('P028','Drive belt','1443.0',1,'Honda');
Insert into SGSHETTY.PARTS (P_ID,P_NAME,UNIT_PRICE,WARRANTY_MONTHS,MAKE) values ('P029','Enginer oil','27.0',null,'Honda');
Insert into SGSHETTY.PARTS (P_ID,P_NAME,UNIT_PRICE,WARRANTY_MONTHS,MAKE) values ('P030','Gears','1344.0',3,'Honda');
Insert into SGSHETTY.PARTS (P_ID,P_NAME,UNIT_PRICE,WARRANTY_MONTHS,MAKE) values ('P031','Light assembly','1342.0',2,'Honda');
Insert into SGSHETTY.PARTS (P_ID,P_NAME,UNIT_PRICE,WARRANTY_MONTHS,MAKE) values ('P032','Oil Filter','42.0',null,'Honda');
Insert into SGSHETTY.PARTS (P_ID,P_NAME,UNIT_PRICE,WARRANTY_MONTHS,MAKE) values ('P033','Piston','1145.0',1,'Honda');
Insert into SGSHETTY.PARTS (P_ID,P_NAME,UNIT_PRICE,WARRANTY_MONTHS,MAKE) values ('P034','Power Steering Fluid','24.0',null,'Honda');
Insert into SGSHETTY.PARTS (P_ID,P_NAME,UNIT_PRICE,WARRANTY_MONTHS,MAKE) values ('P035','Spark plug','50.0',2,'Honda');
Insert into SGSHETTY.PARTS (P_ID,P_NAME,UNIT_PRICE,WARRANTY_MONTHS,MAKE) values ('P036','Suspension fluid','77.0',null,'Honda');
Insert into SGSHETTY.PARTS (P_ID,P_NAME,UNIT_PRICE,WARRANTY_MONTHS,MAKE) values ('P037','Valve','1261.0',2,'Honda');
Insert into SGSHETTY.PARTS (P_ID,P_NAME,UNIT_PRICE,WARRANTY_MONTHS,MAKE) values ('P038','Wiper Fluid','56.0',null,'Honda');
Insert into SGSHETTY.PARTS (P_ID,P_NAME,UNIT_PRICE,WARRANTY_MONTHS,MAKE) values ('P039','Air Filter','61.0',null,'Nissan');
Insert into SGSHETTY.PARTS (P_ID,P_NAME,UNIT_PRICE,WARRANTY_MONTHS,MAKE) values ('P040','Axel Road','241.0',3,'Nissan');
Insert into SGSHETTY.PARTS (P_ID,P_NAME,UNIT_PRICE,WARRANTY_MONTHS,MAKE) values ('P041','Battery','14.0',3,'Nissan');
Insert into SGSHETTY.PARTS (P_ID,P_NAME,UNIT_PRICE,WARRANTY_MONTHS,MAKE) values ('P042','Brake Fluid','16.0',null,'Nissan');
Insert into SGSHETTY.PARTS (P_ID,P_NAME,UNIT_PRICE,WARRANTY_MONTHS,MAKE) values ('P043','Brake Shoes','47.0',1,'Nissan');
Insert into SGSHETTY.PARTS (P_ID,P_NAME,UNIT_PRICE,WARRANTY_MONTHS,MAKE) values ('P044','Camshaft','1295.0',2,'Nissan');
Insert into SGSHETTY.PARTS (P_ID,P_NAME,UNIT_PRICE,WARRANTY_MONTHS,MAKE) values ('P045','Catalytic converter','589.0',1,'Nissan');
Insert into SGSHETTY.PARTS (P_ID,P_NAME,UNIT_PRICE,WARRANTY_MONTHS,MAKE) values ('P046','Coolant','39.0',null,'Nissan');
Insert into SGSHETTY.PARTS (P_ID,P_NAME,UNIT_PRICE,WARRANTY_MONTHS,MAKE) values ('P047','Drive belt','1084.0',3,'Nissan');
Insert into SGSHETTY.PARTS (P_ID,P_NAME,UNIT_PRICE,WARRANTY_MONTHS,MAKE) values ('P048','Enginer oil','14.0',null,'Nissan');
Insert into SGSHETTY.PARTS (P_ID,P_NAME,UNIT_PRICE,WARRANTY_MONTHS,MAKE) values ('P049','Gears','1176.0',3,'Nissan');
Insert into SGSHETTY.PARTS (P_ID,P_NAME,UNIT_PRICE,WARRANTY_MONTHS,MAKE) values ('P050','Light assembly','1367.0',2,'Nissan');
Insert into SGSHETTY.PARTS (P_ID,P_NAME,UNIT_PRICE,WARRANTY_MONTHS,MAKE) values ('P051','Oil Filter','61.0',null,'Nissan');
Insert into SGSHETTY.PARTS (P_ID,P_NAME,UNIT_PRICE,WARRANTY_MONTHS,MAKE) values ('P052','Piston','1341.0',3,'Nissan');
Insert into SGSHETTY.PARTS (P_ID,P_NAME,UNIT_PRICE,WARRANTY_MONTHS,MAKE) values ('P053','Power Steering Fluid','20.0',null,'Nissan');
Insert into SGSHETTY.PARTS (P_ID,P_NAME,UNIT_PRICE,WARRANTY_MONTHS,MAKE) values ('P054','Spark plug','11.0',1,'Nissan');
Insert into SGSHETTY.PARTS (P_ID,P_NAME,UNIT_PRICE,WARRANTY_MONTHS,MAKE) values ('P055','Suspension fluid','32.0',null,'Nissan');
Insert into SGSHETTY.PARTS (P_ID,P_NAME,UNIT_PRICE,WARRANTY_MONTHS,MAKE) values ('P056','Valve','1013.0',1,'Nissan');
REM INSERTING into SGSHETTY.PERSON
SET DEFINE OFF;
Insert into SGSHETTY.PERSON (USERID,EMAILID,PASSWORD,ROLE) values ('950932130.0','lacohen@acme.com','12345678.0','Manager');
Insert into SGSHETTY.PERSON (USERID,EMAILID,PASSWORD,ROLE) values ('634622236.0','wimartin@acme.com','12345678.0','Receptionist');
Insert into SGSHETTY.PERSON (USERID,EMAILID,PASSWORD,ROLE) values ('557279280.0','galoss@acme.com','12345678.0','Mechanic');
Insert into SGSHETTY.PERSON (USERID,EMAILID,PASSWORD,ROLE) values ('183683346.0','anfreeman@acme.com','12345678.0','Mechanic');
Insert into SGSHETTY.PERSON (USERID,EMAILID,PASSWORD,ROLE) values ('557279281.0','erfowler@acme.com','12345678.0','Mechanic');
Insert into SGSHETTY.PERSON (USERID,EMAILID,PASSWORD,ROLE) values ('557279282.0','rorichmond@acme.com','12345678.0','Mechanic');
Insert into SGSHETTY.PERSON (USERID,EMAILID,PASSWORD,ROLE) values ('557279283.0','pefitzpatrick@acme.com','12345678.0','Mechanic');
Insert into SGSHETTY.PERSON (USERID,EMAILID,PASSWORD,ROLE) values ('291056276.0','rophillips@acme.com','12345678.0','Manager');
Insert into SGSHETTY.PERSON (USERID,EMAILID,PASSWORD,ROLE) values ('911639633.0','deholmes@acme.com','12345678.0','Receptionist');
Insert into SGSHETTY.PERSON (USERID,EMAILID,PASSWORD,ROLE) values ('590424694.0','duesparza@acme.com','12345678.0','Mechanic');
Insert into SGSHETTY.PERSON (USERID,EMAILID,PASSWORD,ROLE) values ('401671897.0','chpudilo@acme.com','12345678.0','Mechanic');
Insert into SGSHETTY.PERSON (USERID,EMAILID,PASSWORD,ROLE) values ('310773348.0','jarivera@acme.com','12345678.0','Mechanic');
Insert into SGSHETTY.PERSON (USERID,EMAILID,PASSWORD,ROLE) values ('983204784.0','wimorton@acme.com','12345678.0','Mechanic');
Insert into SGSHETTY.PERSON (USERID,EMAILID,PASSWORD,ROLE) values ('187658163.0','rihenderson@acme.com','12345678.0','Mechanic');
Insert into SGSHETTY.PERSON (USERID,EMAILID,PASSWORD,ROLE) values ('1001.0','ethanhunt@gmail.com ','12345678.0','Customer');
Insert into SGSHETTY.PERSON (USERID,EMAILID,PASSWORD,ROLE) values ('1002.0','jarvis@gmail.com ','12345678.0','Customer');
Insert into SGSHETTY.PERSON (USERID,EMAILID,PASSWORD,ROLE) values ('1003.0','lovestory@gmail.com ','12345678.0','Customer');
Insert into SGSHETTY.PERSON (USERID,EMAILID,PASSWORD,ROLE) values ('1004.0','venus@gmail.com ','12345678.0','Customer');
REM INSERTING into SGSHETTY.SERVICE
SET DEFINE OFF;
Insert into SGSHETTY.SERVICE (SER_ID,E_ID,C_ID,SC_ID,LICENSE_NO,END_TIME,BASIC_FID,MAINTENANCE_TYPE,START_DATE) values ('SR001','557279280.0','1001','S0001','XYZ-5643',null,null,'C',to_timestamp('10-SEP-18 10.00.00.000000000 AM','DD-MON-RR HH.MI.SSXFF AM'));
Insert into SGSHETTY.SERVICE (SER_ID,E_ID,C_ID,SC_ID,LICENSE_NO,END_TIME,BASIC_FID,MAINTENANCE_TYPE,START_DATE) values ('SR002','557279281.0','1001','S0001','XYZ-5643',null,null,'B',to_timestamp('25-FEB-18 09.00.00.000000000 AM','DD-MON-RR HH.MI.SSXFF AM'));
Insert into SGSHETTY.SERVICE (SER_ID,E_ID,C_ID,SC_ID,LICENSE_NO,END_TIME,BASIC_FID,MAINTENANCE_TYPE,START_DATE) values ('SR003','183683346.0','1001','S0001','XYZ-5643',null,null,'A',to_timestamp('15-OCT-18 08.00.00.000000000 AM','DD-MON-RR HH.MI.SSXFF AM'));
Insert into SGSHETTY.SERVICE (SER_ID,E_ID,C_ID,SC_ID,LICENSE_NO,END_TIME,BASIC_FID,MAINTENANCE_TYPE,START_DATE) values ('SR004','557279282.0','1001','S0001','AHS-3132',null,'BF003',null,to_timestamp('06-AUG-18 08.00.00.000000000 AM','DD-MON-RR HH.MI.SSXFF AM'));
Insert into SGSHETTY.SERVICE (SER_ID,E_ID,C_ID,SC_ID,LICENSE_NO,END_TIME,BASIC_FID,MAINTENANCE_TYPE,START_DATE) values ('SR005','557279283.0','1001','S0001','AHS-3132',null,null,'B',to_timestamp('15-MAY-18 10.30.00.000000000 AM','DD-MON-RR HH.MI.SSXFF AM'));
Insert into SGSHETTY.SERVICE (SER_ID,E_ID,C_ID,SC_ID,LICENSE_NO,END_TIME,BASIC_FID,MAINTENANCE_TYPE,START_DATE) values ('SR006','557279283.0','1001','S0001','AHS-3132',null,null,'A',to_timestamp('28-JAN-18 12.00.00.000000000 PM','DD-MON-RR HH.MI.SSXFF AM'));
Insert into SGSHETTY.SERVICE (SER_ID,E_ID,C_ID,SC_ID,LICENSE_NO,END_TIME,BASIC_FID,MAINTENANCE_TYPE,START_DATE) values ('SR007','557279281.0','1002','S0001','IRM-1212',null,null,'A',to_timestamp('11-FEB-18 08.30.00.000000000 AM','DD-MON-RR HH.MI.SSXFF AM'));
Insert into SGSHETTY.SERVICE (SER_ID,E_ID,C_ID,SC_ID,LICENSE_NO,END_TIME,BASIC_FID,MAINTENANCE_TYPE,START_DATE) values ('SR008','557279281.0','1002','S0001','IRM-1212',null,null,'B',to_timestamp('10-DEC-17 09.30.00.000000000 AM','DD-MON-RR HH.MI.SSXFF AM'));
Insert into SGSHETTY.SERVICE (SER_ID,E_ID,C_ID,SC_ID,LICENSE_NO,END_TIME,BASIC_FID,MAINTENANCE_TYPE,START_DATE) values ('SR009','557279281.0','1002','S0001','IRM-1212',null,null,'C',to_timestamp('20-JAN-17 10.00.00.000000000 AM','DD-MON-RR HH.MI.SSXFF AM'));
Insert into SGSHETTY.SERVICE (SER_ID,E_ID,C_ID,SC_ID,LICENSE_NO,END_TIME,BASIC_FID,MAINTENANCE_TYPE,START_DATE) values ('SR010','187658163.0','1003','S0002','DEL-8888',null,null,'A',to_timestamp('11-FEB-18 08.30.00.000000000 AM','DD-MON-RR HH.MI.SSXFF AM'));
Insert into SGSHETTY.SERVICE (SER_ID,E_ID,C_ID,SC_ID,LICENSE_NO,END_TIME,BASIC_FID,MAINTENANCE_TYPE,START_DATE) values ('SR011','401671897.0','1003','S0002','DEL-8888',null,'BF006',null,to_timestamp('05-NOV-16 09.00.00.000000000 AM','DD-MON-RR HH.MI.SSXFF AM'));
Insert into SGSHETTY.SERVICE (SER_ID,E_ID,C_ID,SC_ID,LICENSE_NO,END_TIME,BASIC_FID,MAINTENANCE_TYPE,START_DATE) values ('SR012','590424694.0','1004','S0002','P11-212A',null,null,'B',to_timestamp('01-SEP-17 09.00.00.000000000 AM','DD-MON-RR HH.MI.SSXFF AM'));
Insert into SGSHETTY.SERVICE (SER_ID,E_ID,C_ID,SC_ID,LICENSE_NO,END_TIME,BASIC_FID,MAINTENANCE_TYPE,START_DATE) values ('SR013','310773348.0','1004','S0002','P11-212A',null,null,'A',to_timestamp('15-JUN-14 08.30.00.000000000 AM','DD-MON-RR HH.MI.SSXFF AM'));
Insert into SGSHETTY.SERVICE (SER_ID,E_ID,C_ID,SC_ID,LICENSE_NO,END_TIME,BASIC_FID,MAINTENANCE_TYPE,START_DATE) values ('SR014','310773348.0','1004','S0002','WIM-BLE5',null,null,'A',to_timestamp('11-NOV-16 08.30.00.000000000 AM','DD-MON-RR HH.MI.SSXFF AM'));
Insert into SGSHETTY.SERVICE (SER_ID,E_ID,C_ID,SC_ID,LICENSE_NO,END_TIME,BASIC_FID,MAINTENANCE_TYPE,START_DATE) values ('SR015','401671897.0','1004','S0002','WIM-BLE5',null,'BF005',null,to_timestamp('02-JAN-16 02.00.00.000000000 PM','DD-MON-RR HH.MI.SSXFF AM'));
Insert into SGSHETTY.SERVICE (SER_ID,E_ID,C_ID,SC_ID,LICENSE_NO,END_TIME,BASIC_FID,MAINTENANCE_TYPE,START_DATE) values ('SR016','401671897.0','1004','S0002','WIM-BLE5',null,'BF001',null,to_timestamp('30-SEP-15 11.00.00.000000000 AM','DD-MON-RR HH.MI.SSXFF AM'));
REM INSERTING into SGSHETTY.SERVICECENTER
SET DEFINE OFF;
Insert into SGSHETTY.SERVICECENTER (SC_ID,SC_NAME,SC_TEL_NO,SC_ADDRESS) values ('S0001','Downtown Auto Care','18008999999','437 Fayetteville St., Raleigh, NC 27601');
Insert into SGSHETTY.SERVICECENTER (SC_ID,SC_NAME,SC_TEL_NO,SC_ADDRESS) values ('S0002','Express Auto Shop','17043331555','201 N Tryon St, Charlotte, NC 28202');
REM INSERTING into SGSHETTY.TASKS
SET DEFINE OFF;
Insert into SGSHETTY.TASKS (TASK_ID,BASIC_TASKID,CHARGE_RATE,TIME_REQUIRED,P_ID,PART_QUANTITY,MAKE,MODEL) values ('T001','BT001','50.0',0.25,'P001',1,'Toyota','Corolla');
Insert into SGSHETTY.TASKS (TASK_ID,BASIC_TASKID,CHARGE_RATE,TIME_REQUIRED,P_ID,PART_QUANTITY,MAKE,MODEL) values ('T002','BT002','50.0',0.25,'P003',1,'Toyota','Corolla');
Insert into SGSHETTY.TASKS (TASK_ID,BASIC_TASKID,CHARGE_RATE,TIME_REQUIRED,P_ID,PART_QUANTITY,MAKE,MODEL) values ('T003','BT003','50.0',0.25,'P004',1,'Toyota','Corolla');
Insert into SGSHETTY.TASKS (TASK_ID,BASIC_TASKID,CHARGE_RATE,TIME_REQUIRED,P_ID,PART_QUANTITY,MAKE,MODEL) values ('T004','BT004','50.0',0.5,'P005',4,'Toyota','Corolla');
Insert into SGSHETTY.TASKS (TASK_ID,BASIC_TASKID,CHARGE_RATE,TIME_REQUIRED,P_ID,PART_QUANTITY,MAKE,MODEL) values ('T005','BT005','65.0',1,'P006',1,'Toyota','Corolla');
Insert into SGSHETTY.TASKS (TASK_ID,BASIC_TASKID,CHARGE_RATE,TIME_REQUIRED,P_ID,PART_QUANTITY,MAKE,MODEL) values ('T006','BT006','65.0',1,'P007',1,'Toyota','Corolla');
Insert into SGSHETTY.TASKS (TASK_ID,BASIC_TASKID,CHARGE_RATE,TIME_REQUIRED,P_ID,PART_QUANTITY,MAKE,MODEL) values ('T007','BT007','50.0',0.25,'P008',1,'Toyota','Corolla');
Insert into SGSHETTY.TASKS (TASK_ID,BASIC_TASKID,CHARGE_RATE,TIME_REQUIRED,P_ID,PART_QUANTITY,MAKE,MODEL) values ('T008','BT008','65.0',1,'P009',1,'Toyota','Corolla');
Insert into SGSHETTY.TASKS (TASK_ID,BASIC_TASKID,CHARGE_RATE,TIME_REQUIRED,P_ID,PART_QUANTITY,MAKE,MODEL) values ('T009','BT009','50.0',0.25,'P010',1,'Toyota','Corolla');
Insert into SGSHETTY.TASKS (TASK_ID,BASIC_TASKID,CHARGE_RATE,TIME_REQUIRED,P_ID,PART_QUANTITY,MAKE,MODEL) values ('T010','BT010','65.0',1,'P011',6,'Toyota','Corolla');
Insert into SGSHETTY.TASKS (TASK_ID,BASIC_TASKID,CHARGE_RATE,TIME_REQUIRED,P_ID,PART_QUANTITY,MAKE,MODEL) values ('T011','BT011','50.0',0.5,'P012',2,'Toyota','Corolla');
Insert into SGSHETTY.TASKS (TASK_ID,BASIC_TASKID,CHARGE_RATE,TIME_REQUIRED,P_ID,PART_QUANTITY,MAKE,MODEL) values ('T012','BT012','50.0',0.25,'P013',1,'Toyota','Corolla');
Insert into SGSHETTY.TASKS (TASK_ID,BASIC_TASKID,CHARGE_RATE,TIME_REQUIRED,P_ID,PART_QUANTITY,MAKE,MODEL) values ('T013','BT013','65.0',1,'P014',4,'Toyota','Corolla');
Insert into SGSHETTY.TASKS (TASK_ID,BASIC_TASKID,CHARGE_RATE,TIME_REQUIRED,P_ID,PART_QUANTITY,MAKE,MODEL) values ('T014','BT014','50.0',0.25,'P015',1,'Toyota','Corolla');
Insert into SGSHETTY.TASKS (TASK_ID,BASIC_TASKID,CHARGE_RATE,TIME_REQUIRED,P_ID,PART_QUANTITY,MAKE,MODEL) values ('T015','BT015','50.0',0.25,'P016',4,'Toyota','Corolla');
Insert into SGSHETTY.TASKS (TASK_ID,BASIC_TASKID,CHARGE_RATE,TIME_REQUIRED,P_ID,PART_QUANTITY,MAKE,MODEL) values ('T016','BT016','50.0',0.25,'P017',1,'Toyota','Corolla');
Insert into SGSHETTY.TASKS (TASK_ID,BASIC_TASKID,CHARGE_RATE,TIME_REQUIRED,P_ID,PART_QUANTITY,MAKE,MODEL) values ('T017','BT017','50.0',0.5,'P012',2,'Toyota','Corolla');
Insert into SGSHETTY.TASKS (TASK_ID,BASIC_TASKID,CHARGE_RATE,TIME_REQUIRED,P_ID,PART_QUANTITY,MAKE,MODEL) values ('T018','BT018','50.0',0.5,'P012',4,'Toyota','Corolla');
Insert into SGSHETTY.TASKS (TASK_ID,BASIC_TASKID,CHARGE_RATE,TIME_REQUIRED,P_ID,PART_QUANTITY,MAKE,MODEL) values ('T019','BT019','65.0',1,'P018',4,'Toyota','Corolla');
Insert into SGSHETTY.TASKS (TASK_ID,BASIC_TASKID,CHARGE_RATE,TIME_REQUIRED,P_ID,PART_QUANTITY,MAKE,MODEL) values ('T020','BT020','65.0',1,'P002',2,'Toyota','Corolla');
Insert into SGSHETTY.TASKS (TASK_ID,BASIC_TASKID,CHARGE_RATE,TIME_REQUIRED,P_ID,PART_QUANTITY,MAKE,MODEL) values ('T021','BT021','50.0',0.25,'P019',1,'Toyota','Corolla');
Insert into SGSHETTY.TASKS (TASK_ID,BASIC_TASKID,CHARGE_RATE,TIME_REQUIRED,P_ID,PART_QUANTITY,MAKE,MODEL) values ('T022','BT001','50.0',0.25,'P001',1,'Toyota','Prius');
Insert into SGSHETTY.TASKS (TASK_ID,BASIC_TASKID,CHARGE_RATE,TIME_REQUIRED,P_ID,PART_QUANTITY,MAKE,MODEL) values ('T023','BT002','50.0',0.25,'P003',1,'Toyota','Prius');
Insert into SGSHETTY.TASKS (TASK_ID,BASIC_TASKID,CHARGE_RATE,TIME_REQUIRED,P_ID,PART_QUANTITY,MAKE,MODEL) values ('T024','BT003','50.0',0.25,'P004',1,'Toyota','Prius');
Insert into SGSHETTY.TASKS (TASK_ID,BASIC_TASKID,CHARGE_RATE,TIME_REQUIRED,P_ID,PART_QUANTITY,MAKE,MODEL) values ('T025','BT004','50.0',0.5,'P005',4,'Toyota','Prius');
Insert into SGSHETTY.TASKS (TASK_ID,BASIC_TASKID,CHARGE_RATE,TIME_REQUIRED,P_ID,PART_QUANTITY,MAKE,MODEL) values ('T026','BT005','65.0',1,'P006',1,'Toyota','Prius');
Insert into SGSHETTY.TASKS (TASK_ID,BASIC_TASKID,CHARGE_RATE,TIME_REQUIRED,P_ID,PART_QUANTITY,MAKE,MODEL) values ('T027','BT006','65.0',1,'P007',1,'Toyota','Prius');
Insert into SGSHETTY.TASKS (TASK_ID,BASIC_TASKID,CHARGE_RATE,TIME_REQUIRED,P_ID,PART_QUANTITY,MAKE,MODEL) values ('T028','BT007','50.0',0.25,'P008',1,'Toyota','Prius');
Insert into SGSHETTY.TASKS (TASK_ID,BASIC_TASKID,CHARGE_RATE,TIME_REQUIRED,P_ID,PART_QUANTITY,MAKE,MODEL) values ('T029','BT008','65.0',1,'P009',1,'Toyota','Prius');
Insert into SGSHETTY.TASKS (TASK_ID,BASIC_TASKID,CHARGE_RATE,TIME_REQUIRED,P_ID,PART_QUANTITY,MAKE,MODEL) values ('T030','BT009','50.0',0.25,'P010',1,'Toyota','Prius');
Insert into SGSHETTY.TASKS (TASK_ID,BASIC_TASKID,CHARGE_RATE,TIME_REQUIRED,P_ID,PART_QUANTITY,MAKE,MODEL) values ('T031','BT010','65.0',1,'P011',6,'Toyota','Prius');
Insert into SGSHETTY.TASKS (TASK_ID,BASIC_TASKID,CHARGE_RATE,TIME_REQUIRED,P_ID,PART_QUANTITY,MAKE,MODEL) values ('T032','BT011','50.0',0.5,'P012',2,'Toyota','Prius');
Insert into SGSHETTY.TASKS (TASK_ID,BASIC_TASKID,CHARGE_RATE,TIME_REQUIRED,P_ID,PART_QUANTITY,MAKE,MODEL) values ('T033','BT012','50.0',0.25,'P013',1,'Toyota','Prius');
Insert into SGSHETTY.TASKS (TASK_ID,BASIC_TASKID,CHARGE_RATE,TIME_REQUIRED,P_ID,PART_QUANTITY,MAKE,MODEL) values ('T034','BT013','65.0',1,'P014',4,'Toyota','Prius');
Insert into SGSHETTY.TASKS (TASK_ID,BASIC_TASKID,CHARGE_RATE,TIME_REQUIRED,P_ID,PART_QUANTITY,MAKE,MODEL) values ('T035','BT014','50.0',0.25,'P015',1,'Toyota','Prius');
Insert into SGSHETTY.TASKS (TASK_ID,BASIC_TASKID,CHARGE_RATE,TIME_REQUIRED,P_ID,PART_QUANTITY,MAKE,MODEL) values ('T036','BT015','50.0',0.25,'P016',4,'Toyota','Prius');
Insert into SGSHETTY.TASKS (TASK_ID,BASIC_TASKID,CHARGE_RATE,TIME_REQUIRED,P_ID,PART_QUANTITY,MAKE,MODEL) values ('T037','BT016','50.0',0.25,'P017',1,'Toyota','Prius');
Insert into SGSHETTY.TASKS (TASK_ID,BASIC_TASKID,CHARGE_RATE,TIME_REQUIRED,P_ID,PART_QUANTITY,MAKE,MODEL) values ('T038','BT017','50.0',0.5,'P012',2,'Toyota','Prius');
Insert into SGSHETTY.TASKS (TASK_ID,BASIC_TASKID,CHARGE_RATE,TIME_REQUIRED,P_ID,PART_QUANTITY,MAKE,MODEL) values ('T039','BT018','50.0',0.5,'P012',4,'Toyota','Prius');
Insert into SGSHETTY.TASKS (TASK_ID,BASIC_TASKID,CHARGE_RATE,TIME_REQUIRED,P_ID,PART_QUANTITY,MAKE,MODEL) values ('T040','BT019','65.0',1,'P018',4,'Toyota','Prius');
Insert into SGSHETTY.TASKS (TASK_ID,BASIC_TASKID,CHARGE_RATE,TIME_REQUIRED,P_ID,PART_QUANTITY,MAKE,MODEL) values ('T041','BT020','65.0',1,'P002',2,'Toyota','Prius');
Insert into SGSHETTY.TASKS (TASK_ID,BASIC_TASKID,CHARGE_RATE,TIME_REQUIRED,P_ID,PART_QUANTITY,MAKE,MODEL) values ('T042','BT021','50.0',0.25,'P019',1,'Toyota','Prius');
Insert into SGSHETTY.TASKS (TASK_ID,BASIC_TASKID,CHARGE_RATE,TIME_REQUIRED,P_ID,PART_QUANTITY,MAKE,MODEL) values ('T043','BT001','50.0',0.25,'P020',1,'Honda','Civic');
Insert into SGSHETTY.TASKS (TASK_ID,BASIC_TASKID,CHARGE_RATE,TIME_REQUIRED,P_ID,PART_QUANTITY,MAKE,MODEL) values ('T044','BT002','50.0',0.25,'P022',1,'Honda','Civic');
Insert into SGSHETTY.TASKS (TASK_ID,BASIC_TASKID,CHARGE_RATE,TIME_REQUIRED,P_ID,PART_QUANTITY,MAKE,MODEL) values ('T045','BT003','50.0',0.25,'P023',1,'Honda','Civic');
Insert into SGSHETTY.TASKS (TASK_ID,BASIC_TASKID,CHARGE_RATE,TIME_REQUIRED,P_ID,PART_QUANTITY,MAKE,MODEL) values ('T046','BT004','50.0',0.5,'P024',4,'Honda','Civic');
Insert into SGSHETTY.TASKS (TASK_ID,BASIC_TASKID,CHARGE_RATE,TIME_REQUIRED,P_ID,PART_QUANTITY,MAKE,MODEL) values ('T047','BT005','65.0',1,'P025',1,'Honda','Civic');
Insert into SGSHETTY.TASKS (TASK_ID,BASIC_TASKID,CHARGE_RATE,TIME_REQUIRED,P_ID,PART_QUANTITY,MAKE,MODEL) values ('T048','BT006','65.0',1,'P026',1,'Honda','Civic');
Insert into SGSHETTY.TASKS (TASK_ID,BASIC_TASKID,CHARGE_RATE,TIME_REQUIRED,P_ID,PART_QUANTITY,MAKE,MODEL) values ('T049','BT007','50.0',0.25,'P027',1,'Honda','Civic');
Insert into SGSHETTY.TASKS (TASK_ID,BASIC_TASKID,CHARGE_RATE,TIME_REQUIRED,P_ID,PART_QUANTITY,MAKE,MODEL) values ('T050','BT008','65.0',1,'P028',1,'Honda','Civic');
Insert into SGSHETTY.TASKS (TASK_ID,BASIC_TASKID,CHARGE_RATE,TIME_REQUIRED,P_ID,PART_QUANTITY,MAKE,MODEL) values ('T051','BT009','50.0',0.25,'P029',1,'Honda','Civic');
Insert into SGSHETTY.TASKS (TASK_ID,BASIC_TASKID,CHARGE_RATE,TIME_REQUIRED,P_ID,PART_QUANTITY,MAKE,MODEL) values ('T052','BT010','65.0',1,'P030',12,'Honda','Civic');
Insert into SGSHETTY.TASKS (TASK_ID,BASIC_TASKID,CHARGE_RATE,TIME_REQUIRED,P_ID,PART_QUANTITY,MAKE,MODEL) values ('T053','BT011','50.0',0.5,'P031',2,'Honda','Civic');
Insert into SGSHETTY.TASKS (TASK_ID,BASIC_TASKID,CHARGE_RATE,TIME_REQUIRED,P_ID,PART_QUANTITY,MAKE,MODEL) values ('T054','BT012','50.0',0.25,'P032',1,'Honda','Civic');
Insert into SGSHETTY.TASKS (TASK_ID,BASIC_TASKID,CHARGE_RATE,TIME_REQUIRED,P_ID,PART_QUANTITY,MAKE,MODEL) values ('T055','BT013','65.0',1,'P033',4,'Honda','Civic');
Insert into SGSHETTY.TASKS (TASK_ID,BASIC_TASKID,CHARGE_RATE,TIME_REQUIRED,P_ID,PART_QUANTITY,MAKE,MODEL) values ('T056','BT014','50.0',0.25,'P034',1,'Honda','Civic');
Insert into SGSHETTY.TASKS (TASK_ID,BASIC_TASKID,CHARGE_RATE,TIME_REQUIRED,P_ID,PART_QUANTITY,MAKE,MODEL) values ('T057','BT015','50.0',0.25,'P035',4,'Honda','Civic');
Insert into SGSHETTY.TASKS (TASK_ID,BASIC_TASKID,CHARGE_RATE,TIME_REQUIRED,P_ID,PART_QUANTITY,MAKE,MODEL) values ('T058','BT016','50.0',0.25,'P036',1,'Honda','Civic');
Insert into SGSHETTY.TASKS (TASK_ID,BASIC_TASKID,CHARGE_RATE,TIME_REQUIRED,P_ID,PART_QUANTITY,MAKE,MODEL) values ('T059','BT017','50.0',0.5,'P031',2,'Honda','Civic');
Insert into SGSHETTY.TASKS (TASK_ID,BASIC_TASKID,CHARGE_RATE,TIME_REQUIRED,P_ID,PART_QUANTITY,MAKE,MODEL) values ('T060','BT018','50.0',0.5,'P031',4,'Honda','Civic');
Insert into SGSHETTY.TASKS (TASK_ID,BASIC_TASKID,CHARGE_RATE,TIME_REQUIRED,P_ID,PART_QUANTITY,MAKE,MODEL) values ('T061','BT019','65.0',1,'P037',4,'Honda','Civic');
Insert into SGSHETTY.TASKS (TASK_ID,BASIC_TASKID,CHARGE_RATE,TIME_REQUIRED,P_ID,PART_QUANTITY,MAKE,MODEL) values ('T062','BT020','65.0',1,'P021',2,'Honda','Civic');
Insert into SGSHETTY.TASKS (TASK_ID,BASIC_TASKID,CHARGE_RATE,TIME_REQUIRED,P_ID,PART_QUANTITY,MAKE,MODEL) values ('T063','BT021','50.0',0.25,'P038',1,'Honda','Civic');
Insert into SGSHETTY.TASKS (TASK_ID,BASIC_TASKID,CHARGE_RATE,TIME_REQUIRED,P_ID,PART_QUANTITY,MAKE,MODEL) values ('T064','BT001','50.0',0.25,'P020',2,'Honda','Accord');
Insert into SGSHETTY.TASKS (TASK_ID,BASIC_TASKID,CHARGE_RATE,TIME_REQUIRED,P_ID,PART_QUANTITY,MAKE,MODEL) values ('T065','BT002','50.0',0.25,'P022',1,'Honda','Accord');
Insert into SGSHETTY.TASKS (TASK_ID,BASIC_TASKID,CHARGE_RATE,TIME_REQUIRED,P_ID,PART_QUANTITY,MAKE,MODEL) values ('T066','BT003','50.0',0.25,'P023',1,'Honda','Accord');
Insert into SGSHETTY.TASKS (TASK_ID,BASIC_TASKID,CHARGE_RATE,TIME_REQUIRED,P_ID,PART_QUANTITY,MAKE,MODEL) values ('T067','BT004','50.0',0.5,'P024',4,'Honda','Accord');
Insert into SGSHETTY.TASKS (TASK_ID,BASIC_TASKID,CHARGE_RATE,TIME_REQUIRED,P_ID,PART_QUANTITY,MAKE,MODEL) values ('T068','BT005','65.0',1,'P025',1,'Honda','Accord');
Insert into SGSHETTY.TASKS (TASK_ID,BASIC_TASKID,CHARGE_RATE,TIME_REQUIRED,P_ID,PART_QUANTITY,MAKE,MODEL) values ('T069','BT006','65.0',1,'P026',1,'Honda','Accord');
Insert into SGSHETTY.TASKS (TASK_ID,BASIC_TASKID,CHARGE_RATE,TIME_REQUIRED,P_ID,PART_QUANTITY,MAKE,MODEL) values ('T070','BT007','50.0',0.25,'P027',1,'Honda','Accord');
Insert into SGSHETTY.TASKS (TASK_ID,BASIC_TASKID,CHARGE_RATE,TIME_REQUIRED,P_ID,PART_QUANTITY,MAKE,MODEL) values ('T071','BT008','65.0',1,'P028',1,'Honda','Accord');
Insert into SGSHETTY.TASKS (TASK_ID,BASIC_TASKID,CHARGE_RATE,TIME_REQUIRED,P_ID,PART_QUANTITY,MAKE,MODEL) values ('T072','BT009','50.0',0.25,'P029',1,'Honda','Accord');
Insert into SGSHETTY.TASKS (TASK_ID,BASIC_TASKID,CHARGE_RATE,TIME_REQUIRED,P_ID,PART_QUANTITY,MAKE,MODEL) values ('T073','BT010','65.0',1,'P030',7,'Honda','Accord');
Insert into SGSHETTY.TASKS (TASK_ID,BASIC_TASKID,CHARGE_RATE,TIME_REQUIRED,P_ID,PART_QUANTITY,MAKE,MODEL) values ('T074','BT011','50.0',0.5,'P031',2,'Honda','Accord');
Insert into SGSHETTY.TASKS (TASK_ID,BASIC_TASKID,CHARGE_RATE,TIME_REQUIRED,P_ID,PART_QUANTITY,MAKE,MODEL) values ('T075','BT012','50.0',0.25,'P032',1,'Honda','Accord');
Insert into SGSHETTY.TASKS (TASK_ID,BASIC_TASKID,CHARGE_RATE,TIME_REQUIRED,P_ID,PART_QUANTITY,MAKE,MODEL) values ('T076','BT013','65.0',1,'P033',4,'Honda','Accord');
Insert into SGSHETTY.TASKS (TASK_ID,BASIC_TASKID,CHARGE_RATE,TIME_REQUIRED,P_ID,PART_QUANTITY,MAKE,MODEL) values ('T077','BT014','50.0',0.25,'P034',1,'Honda','Accord');
Insert into SGSHETTY.TASKS (TASK_ID,BASIC_TASKID,CHARGE_RATE,TIME_REQUIRED,P_ID,PART_QUANTITY,MAKE,MODEL) values ('T078','BT015','50.0',0.25,'P035',4,'Honda','Accord');
Insert into SGSHETTY.TASKS (TASK_ID,BASIC_TASKID,CHARGE_RATE,TIME_REQUIRED,P_ID,PART_QUANTITY,MAKE,MODEL) values ('T079','BT016','50.0',0.25,'P036',1,'Honda','Accord');
Insert into SGSHETTY.TASKS (TASK_ID,BASIC_TASKID,CHARGE_RATE,TIME_REQUIRED,P_ID,PART_QUANTITY,MAKE,MODEL) values ('T080','BT017','50.0',0.5,'P031',2,'Honda','Accord');
Insert into SGSHETTY.TASKS (TASK_ID,BASIC_TASKID,CHARGE_RATE,TIME_REQUIRED,P_ID,PART_QUANTITY,MAKE,MODEL) values ('T081','BT018','50.0',0.5,'P031',4,'Honda','Accord');
Insert into SGSHETTY.TASKS (TASK_ID,BASIC_TASKID,CHARGE_RATE,TIME_REQUIRED,P_ID,PART_QUANTITY,MAKE,MODEL) values ('T082','BT019','65.0',1,'P037',4,'Honda','Accord');
Insert into SGSHETTY.TASKS (TASK_ID,BASIC_TASKID,CHARGE_RATE,TIME_REQUIRED,P_ID,PART_QUANTITY,MAKE,MODEL) values ('T083','BT020','65.0',1,'P021',2,'Honda','Accord');
Insert into SGSHETTY.TASKS (TASK_ID,BASIC_TASKID,CHARGE_RATE,TIME_REQUIRED,P_ID,PART_QUANTITY,MAKE,MODEL) values ('T084','BT021','50.0',0.25,'P038',1,'Honda','Accord');
Insert into SGSHETTY.TASKS (TASK_ID,BASIC_TASKID,CHARGE_RATE,TIME_REQUIRED,P_ID,PART_QUANTITY,MAKE,MODEL) values ('T085','BT001','50.0',0.25,'P039',1,'Nissan','Altima');
Insert into SGSHETTY.TASKS (TASK_ID,BASIC_TASKID,CHARGE_RATE,TIME_REQUIRED,P_ID,PART_QUANTITY,MAKE,MODEL) values ('T086','BT002','50.0',0.25,'P041',1,'Nissan','Altima');
Insert into SGSHETTY.TASKS (TASK_ID,BASIC_TASKID,CHARGE_RATE,TIME_REQUIRED,P_ID,PART_QUANTITY,MAKE,MODEL) values ('T087','BT003','50.0',0.25,'P042',1,'Nissan','Altima');
Insert into SGSHETTY.TASKS (TASK_ID,BASIC_TASKID,CHARGE_RATE,TIME_REQUIRED,P_ID,PART_QUANTITY,MAKE,MODEL) values ('T088','BT004','50.0',0.5,'P043',4,'Nissan','Altima');
Insert into SGSHETTY.TASKS (TASK_ID,BASIC_TASKID,CHARGE_RATE,TIME_REQUIRED,P_ID,PART_QUANTITY,MAKE,MODEL) values ('T089','BT005','65.0',1,'P044',1,'Nissan','Altima');
Insert into SGSHETTY.TASKS (TASK_ID,BASIC_TASKID,CHARGE_RATE,TIME_REQUIRED,P_ID,PART_QUANTITY,MAKE,MODEL) values ('T090','BT006','65.0',1,'P045',1,'Nissan','Altima');
Insert into SGSHETTY.TASKS (TASK_ID,BASIC_TASKID,CHARGE_RATE,TIME_REQUIRED,P_ID,PART_QUANTITY,MAKE,MODEL) values ('T091','BT007','50.0',0.25,'P046',2,'Nissan','Altima');
Insert into SGSHETTY.TASKS (TASK_ID,BASIC_TASKID,CHARGE_RATE,TIME_REQUIRED,P_ID,PART_QUANTITY,MAKE,MODEL) values ('T092','BT008','65.0',1,'P047',1,'Nissan','Altima');
Insert into SGSHETTY.TASKS (TASK_ID,BASIC_TASKID,CHARGE_RATE,TIME_REQUIRED,P_ID,PART_QUANTITY,MAKE,MODEL) values ('T093','BT009','50.0',0.25,'P048',2,'Nissan','Altima');
Insert into SGSHETTY.TASKS (TASK_ID,BASIC_TASKID,CHARGE_RATE,TIME_REQUIRED,P_ID,PART_QUANTITY,MAKE,MODEL) values ('T094','BT010','65.0',1,'P049',7,'Nissan','Altima');
Insert into SGSHETTY.TASKS (TASK_ID,BASIC_TASKID,CHARGE_RATE,TIME_REQUIRED,P_ID,PART_QUANTITY,MAKE,MODEL) values ('T095','BT011','50.0',0.5,'P050',2,'Nissan','Altima');
Insert into SGSHETTY.TASKS (TASK_ID,BASIC_TASKID,CHARGE_RATE,TIME_REQUIRED,P_ID,PART_QUANTITY,MAKE,MODEL) values ('T096','BT012','50.0',0.25,'P051',1,'Nissan','Altima');
Insert into SGSHETTY.TASKS (TASK_ID,BASIC_TASKID,CHARGE_RATE,TIME_REQUIRED,P_ID,PART_QUANTITY,MAKE,MODEL) values ('T097','BT013','65.0',1,'P052',6,'Nissan','Altima');
Insert into SGSHETTY.TASKS (TASK_ID,BASIC_TASKID,CHARGE_RATE,TIME_REQUIRED,P_ID,PART_QUANTITY,MAKE,MODEL) values ('T098','BT014','50.0',0.25,'P053',1,'Nissan','Altima');
Insert into SGSHETTY.TASKS (TASK_ID,BASIC_TASKID,CHARGE_RATE,TIME_REQUIRED,P_ID,PART_QUANTITY,MAKE,MODEL) values ('T099','BT015','50.0',0.25,'P054',6,'Nissan','Altima');
Insert into SGSHETTY.TASKS (TASK_ID,BASIC_TASKID,CHARGE_RATE,TIME_REQUIRED,P_ID,PART_QUANTITY,MAKE,MODEL) values ('T100','BT016','50.0',0.25,'P055',1,'Nissan','Altima');
Insert into SGSHETTY.TASKS (TASK_ID,BASIC_TASKID,CHARGE_RATE,TIME_REQUIRED,P_ID,PART_QUANTITY,MAKE,MODEL) values ('T101','BT017','50.0',0.5,'P050',2,'Nissan','Altima');
Insert into SGSHETTY.TASKS (TASK_ID,BASIC_TASKID,CHARGE_RATE,TIME_REQUIRED,P_ID,PART_QUANTITY,MAKE,MODEL) values ('T102','BT018','50.0',0.5,'P050',4,'Nissan','Altima');
Insert into SGSHETTY.TASKS (TASK_ID,BASIC_TASKID,CHARGE_RATE,TIME_REQUIRED,P_ID,PART_QUANTITY,MAKE,MODEL) values ('T103','BT019','65.0',1,'P056',6,'Nissan','Altima');
Insert into SGSHETTY.TASKS (TASK_ID,BASIC_TASKID,CHARGE_RATE,TIME_REQUIRED,P_ID,PART_QUANTITY,MAKE,MODEL) values ('T104','BT020','65.0',1,'P040',2,'Nissan','Altima');
Insert into SGSHETTY.TASKS (TASK_ID,BASIC_TASKID,CHARGE_RATE,TIME_REQUIRED,P_ID,PART_QUANTITY,MAKE,MODEL) values ('T105','BT021','50.0',0.25,'P057',1,'Nissan','Altima');
Insert into SGSHETTY.TASKS (TASK_ID,BASIC_TASKID,CHARGE_RATE,TIME_REQUIRED,P_ID,PART_QUANTITY,MAKE,MODEL) values ('T106','BT001','50.0',0.25,'P039',3,'Nissan','Rouge');
Insert into SGSHETTY.TASKS (TASK_ID,BASIC_TASKID,CHARGE_RATE,TIME_REQUIRED,P_ID,PART_QUANTITY,MAKE,MODEL) values ('T107','BT002','50.0',0.25,'P041',2,'Nissan','Rouge');
Insert into SGSHETTY.TASKS (TASK_ID,BASIC_TASKID,CHARGE_RATE,TIME_REQUIRED,P_ID,PART_QUANTITY,MAKE,MODEL) values ('T108','BT003','50.0',0.25,'P042',2,'Nissan','Rouge');
Insert into SGSHETTY.TASKS (TASK_ID,BASIC_TASKID,CHARGE_RATE,TIME_REQUIRED,P_ID,PART_QUANTITY,MAKE,MODEL) values ('T109','BT004','50.0',0.5,'P043',4,'Nissan','Rouge');
Insert into SGSHETTY.TASKS (TASK_ID,BASIC_TASKID,CHARGE_RATE,TIME_REQUIRED,P_ID,PART_QUANTITY,MAKE,MODEL) values ('T110','BT005','65.0',1,'P044',2,'Nissan','Rouge');
Insert into SGSHETTY.TASKS (TASK_ID,BASIC_TASKID,CHARGE_RATE,TIME_REQUIRED,P_ID,PART_QUANTITY,MAKE,MODEL) values ('T111','BT006','65.0',1,'P045',1,'Nissan','Rouge');
Insert into SGSHETTY.TASKS (TASK_ID,BASIC_TASKID,CHARGE_RATE,TIME_REQUIRED,P_ID,PART_QUANTITY,MAKE,MODEL) values ('T112','BT007','50.0',0.25,'P046',2,'Nissan','Rouge');
Insert into SGSHETTY.TASKS (TASK_ID,BASIC_TASKID,CHARGE_RATE,TIME_REQUIRED,P_ID,PART_QUANTITY,MAKE,MODEL) values ('T113','BT008','65.0',1,'P047',1,'Nissan','Rouge');
Insert into SGSHETTY.TASKS (TASK_ID,BASIC_TASKID,CHARGE_RATE,TIME_REQUIRED,P_ID,PART_QUANTITY,MAKE,MODEL) values ('T114','BT009','50.0',0.25,'P048',3,'Nissan','Rouge');
Insert into SGSHETTY.TASKS (TASK_ID,BASIC_TASKID,CHARGE_RATE,TIME_REQUIRED,P_ID,PART_QUANTITY,MAKE,MODEL) values ('T115','BT010','65.0',1,'P049',9,'Nissan','Rouge');
Insert into SGSHETTY.TASKS (TASK_ID,BASIC_TASKID,CHARGE_RATE,TIME_REQUIRED,P_ID,PART_QUANTITY,MAKE,MODEL) values ('T116','BT011','50.0',0.5,'P050',2,'Nissan','Rouge');
Insert into SGSHETTY.TASKS (TASK_ID,BASIC_TASKID,CHARGE_RATE,TIME_REQUIRED,P_ID,PART_QUANTITY,MAKE,MODEL) values ('T117','BT012','50.0',0.25,'P051',2,'Nissan','Rouge');
Insert into SGSHETTY.TASKS (TASK_ID,BASIC_TASKID,CHARGE_RATE,TIME_REQUIRED,P_ID,PART_QUANTITY,MAKE,MODEL) values ('T118','BT013','65.0',1,'P052',8,'Nissan','Rouge');
Insert into SGSHETTY.TASKS (TASK_ID,BASIC_TASKID,CHARGE_RATE,TIME_REQUIRED,P_ID,PART_QUANTITY,MAKE,MODEL) values ('T119','BT014','50.0',0.25,'P053',1,'Nissan','Rouge');
Insert into SGSHETTY.TASKS (TASK_ID,BASIC_TASKID,CHARGE_RATE,TIME_REQUIRED,P_ID,PART_QUANTITY,MAKE,MODEL) values ('T120','BT015','50.0',0.25,'P054',8,'Nissan','Rouge');
Insert into SGSHETTY.TASKS (TASK_ID,BASIC_TASKID,CHARGE_RATE,TIME_REQUIRED,P_ID,PART_QUANTITY,MAKE,MODEL) values ('T121','BT016','50.0',0.25,'P055',1,'Nissan','Rouge');
Insert into SGSHETTY.TASKS (TASK_ID,BASIC_TASKID,CHARGE_RATE,TIME_REQUIRED,P_ID,PART_QUANTITY,MAKE,MODEL) values ('T122','BT017','50.0',0.5,'P050',2,'Nissan','Rouge');
Insert into SGSHETTY.TASKS (TASK_ID,BASIC_TASKID,CHARGE_RATE,TIME_REQUIRED,P_ID,PART_QUANTITY,MAKE,MODEL) values ('T123','BT018','50.0',0.5,'P050',4,'Nissan','Rouge');
Insert into SGSHETTY.TASKS (TASK_ID,BASIC_TASKID,CHARGE_RATE,TIME_REQUIRED,P_ID,PART_QUANTITY,MAKE,MODEL) values ('T124','BT019','65.0',1,'P056',8,'Nissan','Rouge');
Insert into SGSHETTY.TASKS (TASK_ID,BASIC_TASKID,CHARGE_RATE,TIME_REQUIRED,P_ID,PART_QUANTITY,MAKE,MODEL) values ('T125','BT020','65.0',1,'P040',2,'Nissan','Rouge');
Insert into SGSHETTY.TASKS (TASK_ID,BASIC_TASKID,CHARGE_RATE,TIME_REQUIRED,P_ID,PART_QUANTITY,MAKE,MODEL) values ('T126','BT021','50.0',0.25,'P057',1,'Nissan','Rouge');
REM INSERTING into SGSHETTY.TEST
SET DEFINE OFF;
Insert into SGSHETTY.TEST (ID) values (12);
Insert into SGSHETTY.TEST (ID) values (13);
Insert into SGSHETTY.TEST (ID) values (14);
Insert into SGSHETTY.TEST (ID) values (2);
Insert into SGSHETTY.TEST (ID) values (3);
Insert into SGSHETTY.TEST (ID) values (4);
Insert into SGSHETTY.TEST (ID) values (5);
Insert into SGSHETTY.TEST (ID) values (6);
Insert into SGSHETTY.TEST (ID) values (7);
Insert into SGSHETTY.TEST (ID) values (7);
REM INSERTING into SGSHETTY.VEHICLE
SET DEFINE OFF;
Insert into SGSHETTY.VEHICLE (MODEL,MAKE,LICENSE_NO,DATE_OF_PURCHASE,MILEAGE,C_ID,YEAR,LAST_SERVICE_DATE) values ('Civic','Honda ','XYZ-5643 ',to_date('24-DEC-15','DD-MON-RR'),90452,'1001',2009,to_date('10-SEP-18','DD-MON-RR'));
Insert into SGSHETTY.VEHICLE (MODEL,MAKE,LICENSE_NO,DATE_OF_PURCHASE,MILEAGE,C_ID,YEAR,LAST_SERVICE_DATE) values ('Prius ','Toyota ','AHS-3132 ',to_date('01-JAN-11','DD-MON-RR'),65452,'1001',2007,to_date('06-AUG-18','DD-MON-RR'));
Insert into SGSHETTY.VEHICLE (MODEL,MAKE,LICENSE_NO,DATE_OF_PURCHASE,MILEAGE,C_ID,YEAR,LAST_SERVICE_DATE) values ('Altima ','Nissan','IRM-1212 ',to_date('07-SEP-02','DD-MON-RR'),210452,'1002',2001,to_date('11-FEB-18','DD-MON-RR'));
Insert into SGSHETTY.VEHICLE (MODEL,MAKE,LICENSE_NO,DATE_OF_PURCHASE,MILEAGE,C_ID,YEAR,LAST_SERVICE_DATE) values ('Rogue ','Nissan ','DEL-8888 ',to_date('11-MAY-16','DD-MON-RR'),31209,'1003',2014,to_date('11-FEB-18','DD-MON-RR'));
Insert into SGSHETTY.VEHICLE (MODEL,MAKE,LICENSE_NO,DATE_OF_PURCHASE,MILEAGE,C_ID,YEAR,LAST_SERVICE_DATE) values ('Accord ','Honda ','P11-212A ',to_date('14-APR-10','DD-MON-RR'),60452,'1004',2009,to_date('01-SEP-17','DD-MON-RR'));
Insert into SGSHETTY.VEHICLE (MODEL,MAKE,LICENSE_NO,DATE_OF_PURCHASE,MILEAGE,C_ID,YEAR,LAST_SERVICE_DATE) values ('Prius ','Toyota ','WIM-BLE5',to_date('01-MAR-14','DD-MON-RR'),19876,'1004',2013,to_date('11-NOV-16','DD-MON-RR'));
Insert into SGSHETTY.VEHICLE (MODEL,MAKE,LICENSE_NO,DATE_OF_PURCHASE,MILEAGE,C_ID,YEAR,LAST_SERVICE_DATE) values ('Accord ','Honda ','TSW-3462 ',to_date('09-DEC-15','DD-MON-RR'),0,'1003',2015,null);
REM INSERTING into SGSHETTY.WAGE_TYPE
SET DEFINE OFF;
--------------------------------------------------------
--  DDL for Index SYS_C00507662
--------------------------------------------------------

  CREATE UNIQUE INDEX "SGSHETTY"."SYS_C00507662" ON "SGSHETTY"."BASICFAULTS" ("BASIC_FID") 
  PCTFREE 10 INITRANS 2 MAXTRANS 255 COMPUTE STATISTICS 
  STORAGE(INITIAL 65536 NEXT 1048576 MINEXTENTS 1 MAXEXTENTS 2147483645
  PCTINCREASE 0 FREELISTS 1 FREELIST GROUPS 1 BUFFER_POOL DEFAULT FLASH_CACHE DEFAULT CELL_FLASH_CACHE DEFAULT)
  TABLESPACE "USERS" ;
--------------------------------------------------------
--  DDL for Index SYS_C00507687
--------------------------------------------------------

  CREATE UNIQUE INDEX "SGSHETTY"."SYS_C00507687" ON "SGSHETTY"."BASICTASK" ("BASIC_TASKID") 
  PCTFREE 10 INITRANS 2 MAXTRANS 255 COMPUTE STATISTICS 
  STORAGE(INITIAL 65536 NEXT 1048576 MINEXTENTS 1 MAXEXTENTS 2147483645
  PCTINCREASE 0 FREELISTS 1 FREELIST GROUPS 1 BUFFER_POOL DEFAULT FLASH_CACHE DEFAULT CELL_FLASH_CACHE DEFAULT)
  TABLESPACE "USERS" ;
--------------------------------------------------------
--  DDL for Index SYS_C00507647
--------------------------------------------------------

  CREATE UNIQUE INDEX "SGSHETTY"."SYS_C00507647" ON "SGSHETTY"."CUSTOMER" ("C_ID") 
  PCTFREE 10 INITRANS 2 MAXTRANS 255 COMPUTE STATISTICS 
  STORAGE(INITIAL 65536 NEXT 1048576 MINEXTENTS 1 MAXEXTENTS 2147483645
  PCTINCREASE 0 FREELISTS 1 FREELIST GROUPS 1 BUFFER_POOL DEFAULT FLASH_CACHE DEFAULT CELL_FLASH_CACHE DEFAULT)
  TABLESPACE "USERS" ;
--------------------------------------------------------
--  DDL for Index SYS_C00507835
--------------------------------------------------------

  CREATE UNIQUE INDEX "SGSHETTY"."SYS_C00507835" ON "SGSHETTY"."DISTRIBUTOR" ("D_ID") 
  PCTFREE 10 INITRANS 2 MAXTRANS 255 COMPUTE STATISTICS 
  STORAGE(INITIAL 65536 NEXT 1048576 MINEXTENTS 1 MAXEXTENTS 2147483645
  PCTINCREASE 0 FREELISTS 1 FREELIST GROUPS 1 BUFFER_POOL DEFAULT FLASH_CACHE DEFAULT CELL_FLASH_CACHE DEFAULT)
  TABLESPACE "USERS" ;
--------------------------------------------------------
--  DDL for Index SYS_C00507639
--------------------------------------------------------

  CREATE UNIQUE INDEX "SGSHETTY"."SYS_C00507639" ON "SGSHETTY"."EMPLOYEE" ("E_ID") 
  PCTFREE 10 INITRANS 2 MAXTRANS 255 COMPUTE STATISTICS 
  STORAGE(INITIAL 65536 NEXT 1048576 MINEXTENTS 1 MAXEXTENTS 2147483645
  PCTINCREASE 0 FREELISTS 1 FREELIST GROUPS 1 BUFFER_POOL DEFAULT FLASH_CACHE DEFAULT CELL_FLASH_CACHE DEFAULT)
  TABLESPACE "USERS" ;
--------------------------------------------------------
--  DDL for Index SYS_C00507784
--------------------------------------------------------

  CREATE UNIQUE INDEX "SGSHETTY"."SYS_C00507784" ON "SGSHETTY"."FAULTS" ("F_ID") 
  PCTFREE 10 INITRANS 2 MAXTRANS 255 COMPUTE STATISTICS 
  STORAGE(INITIAL 65536 NEXT 1048576 MINEXTENTS 1 MAXEXTENTS 2147483645
  PCTINCREASE 0 FREELISTS 1 FREELIST GROUPS 1 BUFFER_POOL DEFAULT FLASH_CACHE DEFAULT CELL_FLASH_CACHE DEFAULT)
  TABLESPACE "USERS" ;
--------------------------------------------------------
--  DDL for Index SYS_C00507829
--------------------------------------------------------

  CREATE UNIQUE INDEX "SGSHETTY"."SYS_C00507829" ON "SGSHETTY"."INVENTORY" ("I_ID") 
  PCTFREE 10 INITRANS 2 MAXTRANS 255 COMPUTE STATISTICS 
  STORAGE(INITIAL 65536 NEXT 1048576 MINEXTENTS 1 MAXEXTENTS 2147483645
  PCTINCREASE 0 FREELISTS 1 FREELIST GROUPS 1 BUFFER_POOL DEFAULT FLASH_CACHE DEFAULT CELL_FLASH_CACHE DEFAULT)
  TABLESPACE "USERS" ;
--------------------------------------------------------
--  DDL for Index SYS_C00507793
--------------------------------------------------------

  CREATE UNIQUE INDEX "SGSHETTY"."SYS_C00507793" ON "SGSHETTY"."MAINTENANCE" ("M_ID") 
  PCTFREE 10 INITRANS 2 MAXTRANS 255 COMPUTE STATISTICS 
  STORAGE(INITIAL 65536 NEXT 1048576 MINEXTENTS 1 MAXEXTENTS 2147483645
  PCTINCREASE 0 FREELISTS 1 FREELIST GROUPS 1 BUFFER_POOL DEFAULT FLASH_CACHE DEFAULT CELL_FLASH_CACHE DEFAULT)
  TABLESPACE "USERS" ;
--------------------------------------------------------
--  DDL for Index SYS_C00507849
--------------------------------------------------------

  CREATE UNIQUE INDEX "SGSHETTY"."SYS_C00507849" ON "SGSHETTY"."NOTIFICATION" ("N_ID") 
  PCTFREE 10 INITRANS 2 MAXTRANS 255 COMPUTE STATISTICS 
  STORAGE(INITIAL 65536 NEXT 1048576 MINEXTENTS 1 MAXEXTENTS 2147483645
  PCTINCREASE 0 FREELISTS 1 FREELIST GROUPS 1 BUFFER_POOL DEFAULT FLASH_CACHE DEFAULT CELL_FLASH_CACHE DEFAULT)
  TABLESPACE "USERS" ;
--------------------------------------------------------
--  DDL for Index SYS_C00507841
--------------------------------------------------------

  CREATE UNIQUE INDEX "SGSHETTY"."SYS_C00507841" ON "SGSHETTY"."ORDERS" ("O_ID") 
  PCTFREE 10 INITRANS 2 MAXTRANS 255 COMPUTE STATISTICS 
  STORAGE(INITIAL 65536 NEXT 1048576 MINEXTENTS 1 MAXEXTENTS 2147483645
  PCTINCREASE 0 FREELISTS 1 FREELIST GROUPS 1 BUFFER_POOL DEFAULT FLASH_CACHE DEFAULT CELL_FLASH_CACHE DEFAULT)
  TABLESPACE "USERS" ;
--------------------------------------------------------
--  DDL for Index SYS_C00507799
--------------------------------------------------------

  CREATE UNIQUE INDEX "SGSHETTY"."SYS_C00507799" ON "SGSHETTY"."PARTS" ("P_ID") 
  PCTFREE 10 INITRANS 2 MAXTRANS 255 COMPUTE STATISTICS 
  STORAGE(INITIAL 65536 NEXT 1048576 MINEXTENTS 1 MAXEXTENTS 2147483645
  PCTINCREASE 0 FREELISTS 1 FREELIST GROUPS 1 BUFFER_POOL DEFAULT FLASH_CACHE DEFAULT CELL_FLASH_CACHE DEFAULT)
  TABLESPACE "USERS" ;
--------------------------------------------------------
--  DDL for Index SYS_C00507624
--------------------------------------------------------

  CREATE UNIQUE INDEX "SGSHETTY"."SYS_C00507624" ON "SGSHETTY"."PERSON" ("USERID", "EMAILID") 
  PCTFREE 10 INITRANS 2 MAXTRANS 255 COMPUTE STATISTICS 
  STORAGE(INITIAL 65536 NEXT 1048576 MINEXTENTS 1 MAXEXTENTS 2147483645
  PCTINCREASE 0 FREELISTS 1 FREELIST GROUPS 1 BUFFER_POOL DEFAULT FLASH_CACHE DEFAULT CELL_FLASH_CACHE DEFAULT)
  TABLESPACE "USERS" ;
--------------------------------------------------------
--  DDL for Index SYS_C00507817
--------------------------------------------------------

  CREATE UNIQUE INDEX "SGSHETTY"."SYS_C00507817" ON "SGSHETTY"."SERVICE" ("SER_ID") 
  PCTFREE 10 INITRANS 2 MAXTRANS 255 COMPUTE STATISTICS 
  STORAGE(INITIAL 65536 NEXT 1048576 MINEXTENTS 1 MAXEXTENTS 2147483645
  PCTINCREASE 0 FREELISTS 1 FREELIST GROUPS 1 BUFFER_POOL DEFAULT FLASH_CACHE DEFAULT CELL_FLASH_CACHE DEFAULT)
  TABLESPACE "USERS" ;
--------------------------------------------------------
--  DDL for Index SYS_C00507629
--------------------------------------------------------

  CREATE UNIQUE INDEX "SGSHETTY"."SYS_C00507629" ON "SGSHETTY"."SERVICECENTER" ("SC_ID") 
  PCTFREE 10 INITRANS 2 MAXTRANS 255 COMPUTE STATISTICS 
  STORAGE(INITIAL 65536 NEXT 1048576 MINEXTENTS 1 MAXEXTENTS 2147483645
  PCTINCREASE 0 FREELISTS 1 FREELIST GROUPS 1 BUFFER_POOL DEFAULT FLASH_CACHE DEFAULT CELL_FLASH_CACHE DEFAULT)
  TABLESPACE "USERS" ;
--------------------------------------------------------
--  DDL for Index SYS_C00507808
--------------------------------------------------------

  CREATE UNIQUE INDEX "SGSHETTY"."SYS_C00507808" ON "SGSHETTY"."TASKS" ("TASK_ID") 
  PCTFREE 10 INITRANS 2 MAXTRANS 255 COMPUTE STATISTICS 
  STORAGE(INITIAL 65536 NEXT 1048576 MINEXTENTS 1 MAXEXTENTS 2147483645
  PCTINCREASE 0 FREELISTS 1 FREELIST GROUPS 1 BUFFER_POOL DEFAULT FLASH_CACHE DEFAULT CELL_FLASH_CACHE DEFAULT)
  TABLESPACE "USERS" ;
--------------------------------------------------------
--  DDL for Index SYS_C00509136
--------------------------------------------------------

  CREATE UNIQUE INDEX "SGSHETTY"."SYS_C00509136" ON "SGSHETTY"."VEHICLE" ("LICENSE_NO") 
  PCTFREE 10 INITRANS 2 MAXTRANS 255 COMPUTE STATISTICS 
  STORAGE(INITIAL 65536 NEXT 1048576 MINEXTENTS 1 MAXEXTENTS 2147483645
  PCTINCREASE 0 FREELISTS 1 FREELIST GROUPS 1 BUFFER_POOL DEFAULT FLASH_CACHE DEFAULT CELL_FLASH_CACHE DEFAULT)
  TABLESPACE "USERS" ;
--------------------------------------------------------
--  Constraints for Table BASICFAULTS
--------------------------------------------------------

  ALTER TABLE "SGSHETTY"."BASICFAULTS" MODIFY ("BASIC_FID" NOT NULL ENABLE);
 
  ALTER TABLE "SGSHETTY"."BASICFAULTS" MODIFY ("FAULTS" NOT NULL ENABLE);
 
  ALTER TABLE "SGSHETTY"."BASICFAULTS" MODIFY ("DIAGNOSTIC" NOT NULL ENABLE);
 
  ALTER TABLE "SGSHETTY"."BASICFAULTS" MODIFY ("DIAGNOSTIC_FEE" NOT NULL ENABLE);
 
  ALTER TABLE "SGSHETTY"."BASICFAULTS" ADD PRIMARY KEY ("BASIC_FID")
  USING INDEX PCTFREE 10 INITRANS 2 MAXTRANS 255 COMPUTE STATISTICS 
  STORAGE(INITIAL 65536 NEXT 1048576 MINEXTENTS 1 MAXEXTENTS 2147483645
  PCTINCREASE 0 FREELISTS 1 FREELIST GROUPS 1 BUFFER_POOL DEFAULT FLASH_CACHE DEFAULT CELL_FLASH_CACHE DEFAULT)
  TABLESPACE "USERS"  ENABLE;
--------------------------------------------------------
--  Constraints for Table BASICTASK
--------------------------------------------------------

  ALTER TABLE "SGSHETTY"."BASICTASK" MODIFY ("BASIC_TASKID" NOT NULL ENABLE);
 
  ALTER TABLE "SGSHETTY"."BASICTASK" MODIFY ("TASK_NAME" NOT NULL ENABLE);
 
  ALTER TABLE "SGSHETTY"."BASICTASK" ADD PRIMARY KEY ("BASIC_TASKID")
  USING INDEX PCTFREE 10 INITRANS 2 MAXTRANS 255 COMPUTE STATISTICS 
  STORAGE(INITIAL 65536 NEXT 1048576 MINEXTENTS 1 MAXEXTENTS 2147483645
  PCTINCREASE 0 FREELISTS 1 FREELIST GROUPS 1 BUFFER_POOL DEFAULT FLASH_CACHE DEFAULT CELL_FLASH_CACHE DEFAULT)
  TABLESPACE "USERS"  ENABLE;
--------------------------------------------------------
--  Constraints for Table CUSTOMER
--------------------------------------------------------

  ALTER TABLE "SGSHETTY"."CUSTOMER" MODIFY ("C_ID" NOT NULL ENABLE);
 
  ALTER TABLE "SGSHETTY"."CUSTOMER" MODIFY ("C_EMAIL" NOT NULL ENABLE);
 
  ALTER TABLE "SGSHETTY"."CUSTOMER" MODIFY ("C_ADDR" NOT NULL ENABLE);
 
  ALTER TABLE "SGSHETTY"."CUSTOMER" MODIFY ("C_TEL_NO" NOT NULL ENABLE);
 
  ALTER TABLE "SGSHETTY"."CUSTOMER" MODIFY ("C_NAME" NOT NULL ENABLE);
 
  ALTER TABLE "SGSHETTY"."CUSTOMER" MODIFY ("SC_ID" NOT NULL ENABLE);
 
  ALTER TABLE "SGSHETTY"."CUSTOMER" ADD PRIMARY KEY ("C_ID")
  USING INDEX PCTFREE 10 INITRANS 2 MAXTRANS 255 COMPUTE STATISTICS 
  STORAGE(INITIAL 65536 NEXT 1048576 MINEXTENTS 1 MAXEXTENTS 2147483645
  PCTINCREASE 0 FREELISTS 1 FREELIST GROUPS 1 BUFFER_POOL DEFAULT FLASH_CACHE DEFAULT CELL_FLASH_CACHE DEFAULT)
  TABLESPACE "USERS"  ENABLE;
--------------------------------------------------------
--  Constraints for Table DISTRIBUTOR
--------------------------------------------------------

  ALTER TABLE "SGSHETTY"."DISTRIBUTOR" MODIFY ("D_ID" NOT NULL ENABLE);
 
  ALTER TABLE "SGSHETTY"."DISTRIBUTOR" MODIFY ("D_NAME" NOT NULL ENABLE);
 
  ALTER TABLE "SGSHETTY"."DISTRIBUTOR" MODIFY ("D_ADDR" NOT NULL ENABLE);
 
  ALTER TABLE "SGSHETTY"."DISTRIBUTOR" ADD PRIMARY KEY ("D_ID")
  USING INDEX PCTFREE 10 INITRANS 2 MAXTRANS 255 COMPUTE STATISTICS 
  STORAGE(INITIAL 65536 NEXT 1048576 MINEXTENTS 1 MAXEXTENTS 2147483645
  PCTINCREASE 0 FREELISTS 1 FREELIST GROUPS 1 BUFFER_POOL DEFAULT FLASH_CACHE DEFAULT CELL_FLASH_CACHE DEFAULT)
  TABLESPACE "USERS"  ENABLE;
--------------------------------------------------------
--  Constraints for Table EMPLOYEE
--------------------------------------------------------

  ALTER TABLE "SGSHETTY"."EMPLOYEE" MODIFY ("E_ID" NOT NULL ENABLE);
 
  ALTER TABLE "SGSHETTY"."EMPLOYEE" MODIFY ("E_NAME" NOT NULL ENABLE);
 
  ALTER TABLE "SGSHETTY"."EMPLOYEE" MODIFY ("E_EMAIL" NOT NULL ENABLE);
 
  ALTER TABLE "SGSHETTY"."EMPLOYEE" MODIFY ("SC_ID" NOT NULL ENABLE);
 
  ALTER TABLE "SGSHETTY"."EMPLOYEE" MODIFY ("E_ADDRESS" NOT NULL ENABLE);
 
  ALTER TABLE "SGSHETTY"."EMPLOYEE" MODIFY ("E_TEL_NO" NOT NULL ENABLE);
 
  ALTER TABLE "SGSHETTY"."EMPLOYEE" MODIFY ("E_ROLE" NOT NULL ENABLE);
 
  ALTER TABLE "SGSHETTY"."EMPLOYEE" MODIFY ("START_DATE" NOT NULL ENABLE);
 
  ALTER TABLE "SGSHETTY"."EMPLOYEE" MODIFY ("COMPENSATION" NOT NULL ENABLE);
 
  ALTER TABLE "SGSHETTY"."EMPLOYEE" ADD PRIMARY KEY ("E_ID")
  USING INDEX PCTFREE 10 INITRANS 2 MAXTRANS 255 COMPUTE STATISTICS 
  STORAGE(INITIAL 65536 NEXT 1048576 MINEXTENTS 1 MAXEXTENTS 2147483645
  PCTINCREASE 0 FREELISTS 1 FREELIST GROUPS 1 BUFFER_POOL DEFAULT FLASH_CACHE DEFAULT CELL_FLASH_CACHE DEFAULT)
  TABLESPACE "USERS"  ENABLE;
--------------------------------------------------------
--  Constraints for Table FAULTS
--------------------------------------------------------

  ALTER TABLE "SGSHETTY"."FAULTS" MODIFY ("F_ID" NOT NULL ENABLE);
 
  ALTER TABLE "SGSHETTY"."FAULTS" MODIFY ("BASIC_FID" NOT NULL ENABLE);
 
  ALTER TABLE "SGSHETTY"."FAULTS" MODIFY ("BASIC_TASKID" NOT NULL ENABLE);
 
  ALTER TABLE "SGSHETTY"."FAULTS" ADD PRIMARY KEY ("F_ID")
  USING INDEX PCTFREE 10 INITRANS 2 MAXTRANS 255 COMPUTE STATISTICS 
  STORAGE(INITIAL 65536 NEXT 1048576 MINEXTENTS 1 MAXEXTENTS 2147483645
  PCTINCREASE 0 FREELISTS 1 FREELIST GROUPS 1 BUFFER_POOL DEFAULT FLASH_CACHE DEFAULT CELL_FLASH_CACHE DEFAULT)
  TABLESPACE "USERS"  ENABLE;
--------------------------------------------------------
--  Constraints for Table INVENTORY
--------------------------------------------------------

  ALTER TABLE "SGSHETTY"."INVENTORY" MODIFY ("I_ID" NOT NULL ENABLE);
 
  ALTER TABLE "SGSHETTY"."INVENTORY" MODIFY ("SC_ID" NOT NULL ENABLE);
 
  ALTER TABLE "SGSHETTY"."INVENTORY" MODIFY ("P_ID" NOT NULL ENABLE);
 
  ALTER TABLE "SGSHETTY"."INVENTORY" MODIFY ("QUANTITY" NOT NULL ENABLE);
 
  ALTER TABLE "SGSHETTY"."INVENTORY" MODIFY ("THRESHOLD_QUANTITY" NOT NULL ENABLE);
 
  ALTER TABLE "SGSHETTY"."INVENTORY" MODIFY ("MIN_ORDER" NOT NULL ENABLE);
 
  ALTER TABLE "SGSHETTY"."INVENTORY" ADD PRIMARY KEY ("I_ID")
  USING INDEX PCTFREE 10 INITRANS 2 MAXTRANS 255 COMPUTE STATISTICS 
  STORAGE(INITIAL 65536 NEXT 1048576 MINEXTENTS 1 MAXEXTENTS 2147483645
  PCTINCREASE 0 FREELISTS 1 FREELIST GROUPS 1 BUFFER_POOL DEFAULT FLASH_CACHE DEFAULT CELL_FLASH_CACHE DEFAULT)
  TABLESPACE "USERS"  ENABLE;
--------------------------------------------------------
--  Constraints for Table MAINTENANCE
--------------------------------------------------------

  ALTER TABLE "SGSHETTY"."MAINTENANCE" MODIFY ("M_ID" NOT NULL ENABLE);
 
  ALTER TABLE "SGSHETTY"."MAINTENANCE" MODIFY ("TYPE" NOT NULL ENABLE);
 
  ALTER TABLE "SGSHETTY"."MAINTENANCE" MODIFY ("BASIC_TASKID" NOT NULL ENABLE);
 
  ALTER TABLE "SGSHETTY"."MAINTENANCE" MODIFY ("MAKE" NOT NULL ENABLE);
 
  ALTER TABLE "SGSHETTY"."MAINTENANCE" MODIFY ("MODEL" NOT NULL ENABLE);
 
  ALTER TABLE "SGSHETTY"."MAINTENANCE" MODIFY ("MILEAGE" NOT NULL ENABLE);
 
  ALTER TABLE "SGSHETTY"."MAINTENANCE" ADD PRIMARY KEY ("M_ID")
  USING INDEX PCTFREE 10 INITRANS 2 MAXTRANS 255 COMPUTE STATISTICS 
  STORAGE(INITIAL 65536 NEXT 1048576 MINEXTENTS 1 MAXEXTENTS 2147483645
  PCTINCREASE 0 FREELISTS 1 FREELIST GROUPS 1 BUFFER_POOL DEFAULT FLASH_CACHE DEFAULT CELL_FLASH_CACHE DEFAULT)
  TABLESPACE "USERS"  ENABLE;
--------------------------------------------------------
--  Constraints for Table NOTIFICATION
--------------------------------------------------------

  ALTER TABLE "SGSHETTY"."NOTIFICATION" MODIFY ("N_ID" NOT NULL ENABLE);
 
  ALTER TABLE "SGSHETTY"."NOTIFICATION" MODIFY ("SC_ID" NOT NULL ENABLE);
 
  ALTER TABLE "SGSHETTY"."NOTIFICATION" MODIFY ("NOTIF_DATE" NOT NULL ENABLE);
 
  ALTER TABLE "SGSHETTY"."NOTIFICATION" MODIFY ("MESSAGE" NOT NULL ENABLE);
 
  ALTER TABLE "SGSHETTY"."NOTIFICATION" ADD PRIMARY KEY ("N_ID")
  USING INDEX PCTFREE 10 INITRANS 2 MAXTRANS 255 COMPUTE STATISTICS 
  STORAGE(INITIAL 65536 NEXT 1048576 MINEXTENTS 1 MAXEXTENTS 2147483645
  PCTINCREASE 0 FREELISTS 1 FREELIST GROUPS 1 BUFFER_POOL DEFAULT FLASH_CACHE DEFAULT CELL_FLASH_CACHE DEFAULT)
  TABLESPACE "USERS"  ENABLE;
--------------------------------------------------------
--  Constraints for Table ORDERS
--------------------------------------------------------

  ALTER TABLE "SGSHETTY"."ORDERS" MODIFY ("O_ID" NOT NULL ENABLE);
 
  ALTER TABLE "SGSHETTY"."ORDERS" MODIFY ("P_ID" NOT NULL ENABLE);
 
  ALTER TABLE "SGSHETTY"."ORDERS" MODIFY ("DESTINATION_SC_ID" NOT NULL ENABLE);
 
  ALTER TABLE "SGSHETTY"."ORDERS" MODIFY ("QUANTITY" NOT NULL ENABLE);
 
  ALTER TABLE "SGSHETTY"."ORDERS" MODIFY ("O_STATE" NOT NULL ENABLE);
 
  ALTER TABLE "SGSHETTY"."ORDERS" ADD PRIMARY KEY ("O_ID")
  USING INDEX PCTFREE 10 INITRANS 2 MAXTRANS 255 COMPUTE STATISTICS 
  STORAGE(INITIAL 65536 NEXT 1048576 MINEXTENTS 1 MAXEXTENTS 2147483645
  PCTINCREASE 0 FREELISTS 1 FREELIST GROUPS 1 BUFFER_POOL DEFAULT FLASH_CACHE DEFAULT CELL_FLASH_CACHE DEFAULT)
  TABLESPACE "USERS"  ENABLE;
--------------------------------------------------------
--  Constraints for Table PARTS
--------------------------------------------------------

  ALTER TABLE "SGSHETTY"."PARTS" MODIFY ("P_ID" NOT NULL ENABLE);
 
  ALTER TABLE "SGSHETTY"."PARTS" MODIFY ("P_NAME" NOT NULL ENABLE);
 
  ALTER TABLE "SGSHETTY"."PARTS" MODIFY ("UNIT_PRICE" NOT NULL ENABLE);
 
  ALTER TABLE "SGSHETTY"."PARTS" MODIFY ("MAKE" NOT NULL ENABLE);
 
  ALTER TABLE "SGSHETTY"."PARTS" ADD PRIMARY KEY ("P_ID")
  USING INDEX PCTFREE 10 INITRANS 2 MAXTRANS 255 COMPUTE STATISTICS 
  STORAGE(INITIAL 65536 NEXT 1048576 MINEXTENTS 1 MAXEXTENTS 2147483645
  PCTINCREASE 0 FREELISTS 1 FREELIST GROUPS 1 BUFFER_POOL DEFAULT FLASH_CACHE DEFAULT CELL_FLASH_CACHE DEFAULT)
  TABLESPACE "USERS"  ENABLE;
--------------------------------------------------------
--  Constraints for Table PERSON
--------------------------------------------------------

  ALTER TABLE "SGSHETTY"."PERSON" MODIFY ("USERID" NOT NULL ENABLE);
 
  ALTER TABLE "SGSHETTY"."PERSON" MODIFY ("EMAILID" NOT NULL ENABLE);
 
  ALTER TABLE "SGSHETTY"."PERSON" MODIFY ("PASSWORD" NOT NULL ENABLE);
 
  ALTER TABLE "SGSHETTY"."PERSON" MODIFY ("ROLE" NOT NULL ENABLE);
 
  ALTER TABLE "SGSHETTY"."PERSON" ADD PRIMARY KEY ("USERID", "EMAILID")
  USING INDEX PCTFREE 10 INITRANS 2 MAXTRANS 255 COMPUTE STATISTICS 
  STORAGE(INITIAL 65536 NEXT 1048576 MINEXTENTS 1 MAXEXTENTS 2147483645
  PCTINCREASE 0 FREELISTS 1 FREELIST GROUPS 1 BUFFER_POOL DEFAULT FLASH_CACHE DEFAULT CELL_FLASH_CACHE DEFAULT)
  TABLESPACE "USERS"  ENABLE;
--------------------------------------------------------
--  Constraints for Table SERVICE
--------------------------------------------------------

  ALTER TABLE "SGSHETTY"."SERVICE" MODIFY ("SER_ID" NOT NULL ENABLE);
 
  ALTER TABLE "SGSHETTY"."SERVICE" MODIFY ("E_ID" NOT NULL ENABLE);
 
  ALTER TABLE "SGSHETTY"."SERVICE" MODIFY ("C_ID" NOT NULL ENABLE);
 
  ALTER TABLE "SGSHETTY"."SERVICE" MODIFY ("SC_ID" NOT NULL ENABLE);
 
  ALTER TABLE "SGSHETTY"."SERVICE" MODIFY ("LICENSE_NO" NOT NULL ENABLE);
 
  ALTER TABLE "SGSHETTY"."SERVICE" ADD PRIMARY KEY ("SER_ID")
  USING INDEX PCTFREE 10 INITRANS 2 MAXTRANS 255 COMPUTE STATISTICS 
  STORAGE(INITIAL 65536 NEXT 1048576 MINEXTENTS 1 MAXEXTENTS 2147483645
  PCTINCREASE 0 FREELISTS 1 FREELIST GROUPS 1 BUFFER_POOL DEFAULT FLASH_CACHE DEFAULT CELL_FLASH_CACHE DEFAULT)
  TABLESPACE "USERS"  ENABLE;
 
  ALTER TABLE "SGSHETTY"."SERVICE" MODIFY ("START_DATE" NOT NULL ENABLE);
--------------------------------------------------------
--  Constraints for Table SERVICECENTER
--------------------------------------------------------

  ALTER TABLE "SGSHETTY"."SERVICECENTER" MODIFY ("SC_ID" NOT NULL ENABLE);
 
  ALTER TABLE "SGSHETTY"."SERVICECENTER" MODIFY ("SC_NAME" NOT NULL ENABLE);
 
  ALTER TABLE "SGSHETTY"."SERVICECENTER" MODIFY ("SC_TEL_NO" NOT NULL ENABLE);
 
  ALTER TABLE "SGSHETTY"."SERVICECENTER" MODIFY ("SC_ADDRESS" NOT NULL ENABLE);
 
  ALTER TABLE "SGSHETTY"."SERVICECENTER" ADD PRIMARY KEY ("SC_ID")
  USING INDEX PCTFREE 10 INITRANS 2 MAXTRANS 255 COMPUTE STATISTICS 
  STORAGE(INITIAL 65536 NEXT 1048576 MINEXTENTS 1 MAXEXTENTS 2147483645
  PCTINCREASE 0 FREELISTS 1 FREELIST GROUPS 1 BUFFER_POOL DEFAULT FLASH_CACHE DEFAULT CELL_FLASH_CACHE DEFAULT)
  TABLESPACE "USERS"  ENABLE;
--------------------------------------------------------
--  Constraints for Table TASKS
--------------------------------------------------------

  ALTER TABLE "SGSHETTY"."TASKS" MODIFY ("TASK_ID" NOT NULL ENABLE);
 
  ALTER TABLE "SGSHETTY"."TASKS" MODIFY ("BASIC_TASKID" NOT NULL ENABLE);
 
  ALTER TABLE "SGSHETTY"."TASKS" MODIFY ("CHARGE_RATE" NOT NULL ENABLE);
 
  ALTER TABLE "SGSHETTY"."TASKS" MODIFY ("TIME_REQUIRED" NOT NULL ENABLE);
 
  ALTER TABLE "SGSHETTY"."TASKS" MODIFY ("P_ID" NOT NULL ENABLE);
 
  ALTER TABLE "SGSHETTY"."TASKS" MODIFY ("PART_QUANTITY" NOT NULL ENABLE);
 
  ALTER TABLE "SGSHETTY"."TASKS" MODIFY ("MAKE" NOT NULL ENABLE);
 
  ALTER TABLE "SGSHETTY"."TASKS" MODIFY ("MODEL" NOT NULL ENABLE);
 
  ALTER TABLE "SGSHETTY"."TASKS" ADD PRIMARY KEY ("TASK_ID")
  USING INDEX PCTFREE 10 INITRANS 2 MAXTRANS 255 COMPUTE STATISTICS 
  STORAGE(INITIAL 65536 NEXT 1048576 MINEXTENTS 1 MAXEXTENTS 2147483645
  PCTINCREASE 0 FREELISTS 1 FREELIST GROUPS 1 BUFFER_POOL DEFAULT FLASH_CACHE DEFAULT CELL_FLASH_CACHE DEFAULT)
  TABLESPACE "USERS"  ENABLE;
--------------------------------------------------------
--  Constraints for Table VEHICLE
--------------------------------------------------------

  ALTER TABLE "SGSHETTY"."VEHICLE" MODIFY ("MODEL" NOT NULL ENABLE);
 
  ALTER TABLE "SGSHETTY"."VEHICLE" MODIFY ("MAKE" NOT NULL ENABLE);
 
  ALTER TABLE "SGSHETTY"."VEHICLE" MODIFY ("LICENSE_NO" NOT NULL ENABLE);
 
  ALTER TABLE "SGSHETTY"."VEHICLE" MODIFY ("DATE_OF_PURCHASE" NOT NULL ENABLE);
 
  ALTER TABLE "SGSHETTY"."VEHICLE" MODIFY ("MILEAGE" NOT NULL ENABLE);
 
  ALTER TABLE "SGSHETTY"."VEHICLE" MODIFY ("C_ID" NOT NULL ENABLE);
 
  ALTER TABLE "SGSHETTY"."VEHICLE" MODIFY ("YEAR" NOT NULL ENABLE);
 
  ALTER TABLE "SGSHETTY"."VEHICLE" ADD PRIMARY KEY ("LICENSE_NO")
  USING INDEX PCTFREE 10 INITRANS 2 MAXTRANS 255 COMPUTE STATISTICS 
  STORAGE(INITIAL 65536 NEXT 1048576 MINEXTENTS 1 MAXEXTENTS 2147483645
  PCTINCREASE 0 FREELISTS 1 FREELIST GROUPS 1 BUFFER_POOL DEFAULT FLASH_CACHE DEFAULT CELL_FLASH_CACHE DEFAULT)
  TABLESPACE "USERS"  ENABLE;
--------------------------------------------------------
--  Constraints for Table WAGE_TYPE
--------------------------------------------------------

  ALTER TABLE "SGSHETTY"."WAGE_TYPE" MODIFY ("ROLE" NOT NULL ENABLE);
 
  ALTER TABLE "SGSHETTY"."WAGE_TYPE" MODIFY ("PAY_TYPE" NOT NULL ENABLE);
